Time,Mid,Symbol
2018-09-21 16:26:26,1.174115,EURUSD
2018-09-21 16:26:30,1.17404,EURUSD
2018-09-21 16:26:31,1.173995,EURUSD
2018-09-21 16:26:32,1.173995,EURUSD
2018-09-21 16:26:33,1.174,EURUSD
2018-09-21 16:26:34,1.17405,EURUSD
2018-09-21 16:26:35,1.174045,EURUSD
2018-09-21 16:26:42,1.17405,EURUSD
2018-09-21 16:26:44,1.174055,EURUSD
2018-09-21 16:26:45,1.17405,EURUSD
2018-09-21 16:26:47,1.174055,EURUSD
2018-09-21 16:26:48,1.174055,EURUSD
2018-09-21 16:26:50,1.17395,EURUSD
2018-09-21 16:26:51,1.17398,EURUSD
2018-09-21 16:26:52,1.1739899999999999,EURUSD
2018-09-21 16:26:53,1.174015,EURUSD
2018-09-21 16:26:55,1.174055,EURUSD
2018-09-21 16:26:56,1.1740650000000001,EURUSD
2018-09-21 16:26:59,1.174075,EURUSD
2018-09-21 16:27:02,1.1740599999999999,EURUSD
2018-09-21 16:27:04,1.174055,EURUSD
2018-09-21 16:27:07,1.1740149999999998,EURUSD
2018-09-21 16:27:09,1.1740149999999998,EURUSD
2018-09-21 16:27:10,1.17402,EURUSD
2018-09-21 16:27:15,1.1740149999999998,EURUSD
2018-09-21 16:27:16,1.17402,EURUSD
2018-09-21 16:27:17,1.1740149999999998,EURUSD
2018-09-21 16:27:18,1.17401,EURUSD
2018-09-21 16:27:22,1.1740050000000002,EURUSD
2018-09-21 16:27:23,1.1739700000000002,EURUSD
2018-09-21 16:27:25,1.17402,EURUSD
2018-09-21 16:27:32,1.1740050000000002,EURUSD
2018-09-21 16:27:36,1.17407,EURUSD
2018-09-21 16:27:41,1.174105,EURUSD
2018-09-21 16:27:42,1.17408,EURUSD
2018-09-21 16:27:44,1.17407,EURUSD
2018-09-21 16:27:45,1.1740599999999999,EURUSD
2018-09-21 16:27:46,1.17408,EURUSD
2018-09-21 16:27:52,1.17409,EURUSD
2018-09-21 16:27:53,1.1741000000000001,EURUSD
2018-09-21 16:28:10,1.17411,EURUSD
2018-09-21 16:28:19,1.1741199999999998,EURUSD
2018-09-21 16:28:35,1.174195,EURUSD
2018-09-21 16:28:36,1.174175,EURUSD
2018-09-21 16:28:37,1.1741700000000002,EURUSD
2018-09-21 16:28:38,1.17413,EURUSD
2018-09-21 16:28:41,1.17413,EURUSD
2018-09-21 16:28:42,1.17414,EURUSD
2018-09-21 16:28:43,1.174245,EURUSD
2018-09-21 16:28:44,1.1743000000000001,EURUSD
2018-09-21 16:28:45,1.1743000000000001,EURUSD
2018-09-21 16:28:46,1.1743000000000001,EURUSD
2018-09-21 16:28:47,1.1743350000000001,EURUSD
2018-09-21 16:28:48,1.1742650000000001,EURUSD
2018-09-21 16:28:49,1.174275,EURUSD
2018-09-21 16:28:50,1.17428,EURUSD
2018-09-21 16:28:51,1.17427,EURUSD
2018-09-21 16:28:52,1.1742650000000001,EURUSD
2018-09-21 16:28:53,1.1742650000000001,EURUSD
2018-09-21 16:28:55,1.1742650000000001,EURUSD
2018-09-21 16:28:56,1.17426,EURUSD
2018-09-21 16:28:57,1.1742599999999999,EURUSD
2018-09-21 16:28:58,1.174255,EURUSD
2018-09-21 16:28:59,1.1742249999999999,EURUSD
2018-09-21 16:29:00,1.17416,EURUSD
2018-09-21 16:29:01,1.1741199999999998,EURUSD
2018-09-21 16:29:02,1.1740750000000002,EURUSD
2018-09-21 16:29:03,1.174105,EURUSD
2018-09-21 16:29:04,1.17412,EURUSD
2018-09-21 16:29:05,1.1740499999999998,EURUSD
2018-09-21 16:29:06,1.174055,EURUSD
2018-09-21 16:29:09,1.1740400000000002,EURUSD
2018-09-21 16:29:10,1.174055,EURUSD
2018-09-21 16:29:12,1.17405,EURUSD
2018-09-21 16:29:13,1.1740300000000001,EURUSD
2018-09-21 16:29:14,1.17408,EURUSD
2018-09-21 16:29:16,1.174105,EURUSD
2018-09-21 16:29:17,1.1741000000000001,EURUSD
2018-09-21 16:29:18,1.1741199999999998,EURUSD
2018-09-21 16:29:20,1.17414,EURUSD
2018-09-21 16:29:21,1.17416,EURUSD
2018-09-21 16:29:23,1.1741350000000002,EURUSD
2018-09-21 16:29:24,1.17413,EURUSD
2018-09-21 16:29:25,1.174115,EURUSD
2018-09-21 16:29:26,1.17413,EURUSD
2018-09-21 16:29:27,1.17416,EURUSD
2018-09-21 16:29:33,1.174125,EURUSD
2018-09-21 16:29:35,1.174115,EURUSD
2018-09-21 16:29:36,1.174125,EURUSD
2018-09-21 16:29:37,1.1740949999999999,EURUSD
2018-09-21 16:29:38,1.1740849999999998,EURUSD
2018-09-21 16:29:47,1.17402,EURUSD
2018-09-21 16:29:49,1.17404,EURUSD
2018-09-21 16:29:50,1.1740949999999999,EURUSD
2018-09-21 16:29:51,1.1741000000000001,EURUSD
2018-09-21 16:29:54,1.17407,EURUSD
2018-09-21 16:29:55,1.1741700000000002,EURUSD
2018-09-21 16:29:57,1.174125,EURUSD
2018-09-21 16:29:59,1.1741350000000002,EURUSD
2018-09-21 16:30:00,1.17425,EURUSD
2018-09-21 16:30:01,1.174165,EURUSD
2018-09-21 16:30:02,1.17416,EURUSD
2018-09-21 16:30:03,1.174165,EURUSD
2018-09-21 16:30:06,1.174215,EURUSD
2018-09-21 16:30:07,1.17421,EURUSD
2018-09-21 16:30:08,1.17421,EURUSD
2018-09-21 16:30:09,1.174215,EURUSD
2018-09-21 16:30:10,1.1742050000000002,EURUSD
2018-09-21 16:30:11,1.174215,EURUSD
2018-09-21 16:30:13,1.17414,EURUSD
2018-09-21 16:30:14,1.17413,EURUSD
2018-09-21 16:30:19,1.17407,EURUSD
2018-09-21 16:30:21,1.1740650000000001,EURUSD
2018-09-21 16:30:25,1.17413,EURUSD
2018-09-21 16:30:26,1.17414,EURUSD
2018-09-21 16:30:27,1.174145,EURUSD
2018-09-21 16:30:28,1.17413,EURUSD
2018-09-21 16:30:33,1.17421,EURUSD
2018-09-21 16:30:34,1.174175,EURUSD
2018-09-21 16:30:35,1.17416,EURUSD
2018-09-21 16:30:36,1.174145,EURUSD
2018-09-21 16:30:38,1.17418,EURUSD
2018-09-21 16:30:39,1.174215,EURUSD
2018-09-21 16:30:40,1.174215,EURUSD
2018-09-21 16:30:44,1.17418,EURUSD
2018-09-21 16:30:50,1.17416,EURUSD
2018-09-21 16:30:53,1.174115,EURUSD
2018-09-21 16:30:54,1.174115,EURUSD
2018-09-21 16:30:55,1.17416,EURUSD
2018-09-21 16:31:01,1.1741700000000002,EURUSD
2018-09-21 16:31:03,1.17416,EURUSD
2018-09-21 16:31:04,1.1741700000000002,EURUSD
2018-09-21 16:31:06,1.174215,EURUSD
2018-09-21 16:31:08,1.17421,EURUSD
2018-09-21 16:31:16,1.17422,EURUSD
2018-09-21 16:31:18,1.17423,EURUSD
2018-09-21 16:31:26,1.17427,EURUSD
2018-09-21 16:31:29,1.1742650000000001,EURUSD
2018-09-21 16:31:30,1.1742650000000001,EURUSD
2018-09-21 16:31:33,1.174315,EURUSD
2018-09-21 16:31:34,1.1743649999999999,EURUSD
2018-09-21 16:31:35,1.1743649999999999,EURUSD
2018-09-21 16:31:36,1.17436,EURUSD
2018-09-21 16:31:39,1.17434,EURUSD
2018-09-21 16:31:40,1.174355,EURUSD
2018-09-21 16:31:44,1.1743350000000001,EURUSD
2018-09-21 16:31:52,1.17434,EURUSD
2018-09-21 16:31:56,1.1743100000000002,EURUSD
2018-09-21 16:31:58,1.17435,EURUSD
2018-09-21 16:31:59,1.1743700000000001,EURUSD
2018-09-21 16:32:00,1.1743800000000002,EURUSD
2018-09-21 16:32:03,1.174415,EURUSD
2018-09-21 16:32:04,1.174415,EURUSD
2018-09-21 16:32:05,1.17442,EURUSD
2018-09-21 16:32:06,1.1744400000000002,EURUSD
2018-09-21 16:32:07,1.17445,EURUSD
2018-09-21 16:32:08,1.174435,EURUSD
2018-09-21 16:32:09,1.17445,EURUSD
2018-09-21 16:32:10,1.174465,EURUSD
2018-09-21 16:32:12,1.17445,EURUSD
2018-09-21 16:32:13,1.174435,EURUSD
2018-09-21 16:32:15,1.1744150000000002,EURUSD
2018-09-21 16:32:16,1.17441,EURUSD
2018-09-21 16:32:20,1.1743700000000001,EURUSD
2018-09-21 16:32:21,1.174385,EURUSD
2018-09-21 16:32:22,1.17442,EURUSD
2018-09-21 16:32:25,1.1744400000000002,EURUSD
2018-09-21 16:32:26,1.1744599999999998,EURUSD
2018-09-21 16:32:27,1.174455,EURUSD
2018-09-21 16:32:29,1.174465,EURUSD
2018-09-21 16:32:32,1.1744750000000002,EURUSD
2018-09-21 16:32:33,1.174505,EURUSD
2018-09-21 16:32:34,1.17449,EURUSD
2018-09-21 16:32:35,1.174485,EURUSD
2018-09-21 16:32:36,1.174465,EURUSD
2018-09-21 16:32:39,1.174455,EURUSD
2018-09-21 16:32:40,1.1744400000000002,EURUSD
2018-09-21 16:32:41,1.1744599999999998,EURUSD
2018-09-21 16:32:44,1.17445,EURUSD
2018-09-21 16:32:49,1.17445,EURUSD
2018-09-21 16:32:50,1.1744400000000002,EURUSD
2018-09-21 16:32:51,1.17441,EURUSD
2018-09-21 16:32:55,1.17445,EURUSD
2018-09-21 16:32:58,1.17447,EURUSD
2018-09-21 16:32:59,1.1744599999999998,EURUSD
2018-09-21 16:33:02,1.17447,EURUSD
2018-09-21 16:33:03,1.1744599999999998,EURUSD
2018-09-21 16:33:04,1.174445,EURUSD
2018-09-21 16:33:05,1.17447,EURUSD
2018-09-21 16:33:06,1.17452,EURUSD
2018-09-21 16:33:08,1.174495,EURUSD
2018-09-21 16:33:09,1.17447,EURUSD
2018-09-21 16:33:10,1.1744599999999998,EURUSD
2018-09-21 16:33:11,1.1744599999999998,EURUSD
2018-09-21 16:33:12,1.174465,EURUSD
2018-09-21 16:33:13,1.17447,EURUSD
2018-09-21 16:33:14,1.174465,EURUSD
2018-09-21 16:33:15,1.17447,EURUSD
2018-09-21 16:33:17,1.174465,EURUSD
2018-09-21 16:33:21,1.174465,EURUSD
2018-09-21 16:33:22,1.17445,EURUSD
2018-09-21 16:33:23,1.17442,EURUSD
2018-09-21 16:33:24,1.17447,EURUSD
2018-09-21 16:33:25,1.1744750000000002,EURUSD
2018-09-21 16:33:26,1.17447,EURUSD
2018-09-21 16:33:27,1.174515,EURUSD
2018-09-21 16:33:29,1.174505,EURUSD
2018-09-21 16:33:30,1.17448,EURUSD
2018-09-21 16:33:31,1.17448,EURUSD
2018-09-21 16:33:33,1.1745,EURUSD
2018-09-21 16:33:34,1.17456,EURUSD
2018-09-21 16:33:35,1.17456,EURUSD
2018-09-21 16:33:37,1.1745100000000002,EURUSD
2018-09-21 16:33:38,1.17452,EURUSD
2018-09-21 16:33:40,1.174525,EURUSD
2018-09-21 16:33:42,1.17452,EURUSD
2018-09-21 16:33:43,1.174525,EURUSD
2018-09-21 16:33:45,1.1744949999999998,EURUSD
2018-09-21 16:33:46,1.1745,EURUSD
2018-09-21 16:33:47,1.174515,EURUSD
2018-09-21 16:33:51,1.1745,EURUSD
2018-09-21 16:33:52,1.1744750000000002,EURUSD
2018-09-21 16:33:53,1.17447,EURUSD
2018-09-21 16:33:58,1.174465,EURUSD
2018-09-21 16:34:00,1.17447,EURUSD
2018-09-21 16:34:01,1.174465,EURUSD
2018-09-21 16:34:02,1.17447,EURUSD
2018-09-21 16:34:04,1.17447,EURUSD
2018-09-21 16:34:08,1.17447,EURUSD
2018-09-21 16:34:09,1.174465,EURUSD
2018-09-21 16:34:12,1.17445,EURUSD
2018-09-21 16:34:14,1.174465,EURUSD
2018-09-21 16:34:15,1.1744599999999998,EURUSD
2018-09-21 16:34:16,1.1744400000000002,EURUSD
2018-09-21 16:34:17,1.174445,EURUSD
2018-09-21 16:34:20,1.17445,EURUSD
2018-09-21 16:34:31,1.174515,EURUSD
2018-09-21 16:34:32,1.1745,EURUSD
2018-09-21 16:34:34,1.17449,EURUSD
2018-09-21 16:34:35,1.1744949999999998,EURUSD
2018-09-21 16:34:36,1.17449,EURUSD
2018-09-21 16:34:37,1.174465,EURUSD
2018-09-21 16:34:38,1.1744400000000002,EURUSD
2018-09-21 16:34:39,1.174445,EURUSD
2018-09-21 16:34:41,1.174375,EURUSD
2018-09-21 16:34:42,1.1743700000000001,EURUSD
2018-09-21 16:34:50,1.17432,EURUSD
2018-09-21 16:34:51,1.174315,EURUSD
2018-09-21 16:34:57,1.1743199999999998,EURUSD
2018-09-21 16:35:00,1.1743700000000001,EURUSD
2018-09-21 16:35:03,1.1744050000000001,EURUSD
2018-09-21 16:35:04,1.174395,EURUSD
2018-09-21 16:35:05,1.174375,EURUSD
2018-09-21 16:35:06,1.1743700000000001,EURUSD
2018-09-21 16:35:10,1.174375,EURUSD
2018-09-21 16:35:14,1.1743700000000001,EURUSD
2018-09-21 16:35:17,1.174375,EURUSD
2018-09-21 16:35:18,1.1743700000000001,EURUSD
2018-09-21 16:35:20,1.174375,EURUSD
2018-09-21 16:35:22,1.1743700000000001,EURUSD
2018-09-21 16:35:24,1.17434,EURUSD
2018-09-21 16:35:25,1.1743350000000001,EURUSD
2018-09-21 16:35:26,1.1743649999999999,EURUSD
2018-09-21 16:35:27,1.1744249999999998,EURUSD
2018-09-21 16:35:34,1.17442,EURUSD
2018-09-21 16:35:38,1.1744249999999998,EURUSD
2018-09-21 16:35:39,1.17442,EURUSD
2018-09-21 16:35:45,1.1744150000000002,EURUSD
2018-09-21 16:35:46,1.174395,EURUSD
2018-09-21 16:35:49,1.17434,EURUSD
2018-09-21 16:35:52,1.1743350000000001,EURUSD
2018-09-21 16:35:54,1.1743450000000002,EURUSD
2018-09-21 16:35:55,1.1743350000000001,EURUSD
2018-09-21 16:35:56,1.1743649999999999,EURUSD
2018-09-21 16:36:01,1.1743649999999999,EURUSD
2018-09-21 16:36:05,1.1743649999999999,EURUSD
2018-09-21 16:36:11,1.1743649999999999,EURUSD
2018-09-21 16:36:12,1.1743700000000001,EURUSD
2018-09-21 16:36:13,1.1743649999999999,EURUSD
2018-09-21 16:36:19,1.1743700000000001,EURUSD
2018-09-21 16:36:22,1.17434,EURUSD
2018-09-21 16:36:24,1.17434,EURUSD
2018-09-21 16:36:25,1.1743299999999999,EURUSD
2018-09-21 16:36:26,1.1743199999999998,EURUSD
2018-09-21 16:36:37,1.174375,EURUSD
2018-09-21 16:36:38,1.1743700000000001,EURUSD
2018-09-21 16:36:40,1.174375,EURUSD
2018-09-21 16:36:42,1.174375,EURUSD
2018-09-21 16:36:43,1.1743350000000001,EURUSD
2018-09-21 16:36:45,1.1743299999999999,EURUSD
2018-09-21 16:36:46,1.17431,EURUSD
2018-09-21 16:36:47,1.174315,EURUSD
2018-09-21 16:36:50,1.1743100000000002,EURUSD
2018-09-21 16:36:52,1.174315,EURUSD
2018-09-21 16:36:53,1.174315,EURUSD
2018-09-21 16:37:04,1.1743100000000002,EURUSD
2018-09-21 16:37:11,1.1743549999999998,EURUSD
2018-09-21 16:37:12,1.1743649999999999,EURUSD
2018-09-21 16:37:15,1.1743700000000001,EURUSD
2018-09-21 16:37:21,1.1743100000000002,EURUSD
2018-09-21 16:37:22,1.1743100000000002,EURUSD
2018-09-21 16:37:23,1.17427,EURUSD
2018-09-21 16:37:24,1.1742599999999999,EURUSD
2018-09-21 16:37:29,1.17427,EURUSD
2018-09-21 16:37:37,1.1742650000000001,EURUSD
2018-09-21 16:37:42,1.1743299999999999,EURUSD
2018-09-21 16:37:43,1.1743199999999998,EURUSD
2018-09-21 16:37:52,1.1743299999999999,EURUSD
2018-09-21 16:37:53,1.174305,EURUSD
2018-09-21 16:37:54,1.17428,EURUSD
2018-09-21 16:37:55,1.174325,EURUSD
2018-09-21 16:37:56,1.1743700000000001,EURUSD
2018-09-21 16:37:57,1.1743700000000001,EURUSD
2018-09-21 16:38:00,1.1743649999999999,EURUSD
2018-09-21 16:38:02,1.17436,EURUSD
2018-09-21 16:38:03,1.17434,EURUSD
2018-09-21 16:38:04,1.1743450000000002,EURUSD
2018-09-21 16:38:05,1.1743450000000002,EURUSD
2018-09-21 16:38:06,1.1743350000000001,EURUSD
2018-09-21 16:38:07,1.174315,EURUSD
2018-09-21 16:38:11,1.1743199999999998,EURUSD
2018-09-21 16:38:12,1.174315,EURUSD
2018-09-21 16:38:13,1.1743100000000002,EURUSD
2018-09-21 16:38:14,1.1743299999999999,EURUSD
2018-09-21 16:38:15,1.17436,EURUSD
2018-09-21 16:38:30,1.17441,EURUSD
2018-09-21 16:38:32,1.17442,EURUSD
2018-09-21 16:38:34,1.1744150000000002,EURUSD
2018-09-21 16:38:35,1.1743999999999999,EURUSD
2018-09-21 16:38:43,1.17436,EURUSD
2018-09-21 16:38:45,1.17435,EURUSD
2018-09-21 16:38:46,1.17434,EURUSD
2018-09-21 16:38:49,1.17435,EURUSD
2018-09-21 16:38:54,1.1743899999999998,EURUSD
2018-09-21 16:38:55,1.1743999999999999,EURUSD
2018-09-21 16:38:57,1.1743800000000002,EURUSD
2018-09-21 16:39:00,1.1743899999999998,EURUSD
2018-09-21 16:39:02,1.1743999999999999,EURUSD
2018-09-21 16:39:04,1.17436,EURUSD
2018-09-21 16:39:12,1.1743299999999999,EURUSD
2018-09-21 16:39:20,1.1743199999999998,EURUSD
2018-09-21 16:39:24,1.1743100000000002,EURUSD
2018-09-21 16:39:27,1.174255,EURUSD
2018-09-21 16:39:28,1.174245,EURUSD
2018-09-21 16:39:30,1.174245,EURUSD
2018-09-21 16:39:33,1.1742,EURUSD
2018-09-21 16:39:37,1.174195,EURUSD
2018-09-21 16:39:38,1.1742,EURUSD
2018-09-21 16:39:39,1.17421,EURUSD
2018-09-21 16:39:41,1.17423,EURUSD
2018-09-21 16:39:42,1.174245,EURUSD
2018-09-21 16:39:44,1.174255,EURUSD
2018-09-21 16:39:47,1.17426,EURUSD
2018-09-21 16:39:54,1.1742599999999999,EURUSD
2018-09-21 16:39:56,1.17425,EURUSD
2018-09-21 16:39:58,1.17428,EURUSD
2018-09-21 16:39:59,1.1743000000000001,EURUSD
2018-09-21 16:40:02,1.17427,EURUSD
2018-09-21 16:40:03,1.17422,EURUSD
2018-09-21 16:40:04,1.1742400000000002,EURUSD
2018-09-21 16:40:05,1.17423,EURUSD
2018-09-21 16:40:13,1.17422,EURUSD
2018-09-21 16:40:15,1.17421,EURUSD
2018-09-21 16:40:25,1.1741899999999998,EURUSD
2018-09-21 16:40:31,1.1742,EURUSD
2018-09-21 16:40:36,1.1741899999999998,EURUSD
2018-09-21 16:40:39,1.17416,EURUSD
2018-09-21 16:40:40,1.17415,EURUSD
2018-09-21 16:40:47,1.1741700000000002,EURUSD
2018-09-21 16:40:49,1.174165,EURUSD
2018-09-21 16:40:52,1.1741700000000002,EURUSD
2018-09-21 16:40:57,1.174165,EURUSD
2018-09-21 16:40:59,1.17414,EURUSD
2018-09-21 16:41:03,1.17415,EURUSD
2018-09-21 16:41:06,1.17411,EURUSD
2018-09-21 16:41:08,1.17415,EURUSD
2018-09-21 16:41:09,1.1741350000000002,EURUSD
2018-09-21 16:41:22,1.17414,EURUSD
2018-09-21 16:41:28,1.1741350000000002,EURUSD
2018-09-21 16:41:42,1.1741199999999998,EURUSD
2018-09-21 16:41:43,1.174105,EURUSD
2018-09-21 16:41:44,1.17411,EURUSD
2018-09-21 16:41:45,1.17411,EURUSD
2018-09-21 16:41:48,1.174105,EURUSD
2018-09-21 16:41:49,1.1741000000000001,EURUSD
2018-09-21 16:41:54,1.1740499999999998,EURUSD
2018-09-21 16:41:55,1.174055,EURUSD
2018-09-21 16:41:56,1.1740599999999999,EURUSD
2018-09-21 16:41:57,1.1740849999999998,EURUSD
2018-09-21 16:41:58,1.17409,EURUSD
2018-09-21 16:42:03,1.17408,EURUSD
2018-09-21 16:42:04,1.17407,EURUSD
2018-09-21 16:42:05,1.1740650000000001,EURUSD
2018-09-21 16:42:08,1.17408,EURUSD
2018-09-21 16:42:12,1.17409,EURUSD
2018-09-21 16:42:19,1.1741000000000001,EURUSD
2018-09-21 16:42:21,1.1740599999999999,EURUSD
2018-09-21 16:42:22,1.1740400000000002,EURUSD
2018-09-21 16:42:24,1.17407,EURUSD
2018-09-21 16:42:25,1.1740599999999999,EURUSD
2018-09-21 16:42:26,1.1740750000000002,EURUSD
2018-09-21 16:42:27,1.17407,EURUSD
2018-09-21 16:42:28,1.17409,EURUSD
2018-09-21 16:42:31,1.1741000000000001,EURUSD
2018-09-21 16:42:44,1.1741000000000001,EURUSD
2018-09-21 16:42:46,1.17411,EURUSD
2018-09-21 16:42:54,1.1741000000000001,EURUSD
2018-09-21 16:42:55,1.17409,EURUSD
2018-09-21 16:42:56,1.17409,EURUSD
2018-09-21 16:42:58,1.1741000000000001,EURUSD
2018-09-21 16:42:59,1.17409,EURUSD
2018-09-21 16:43:01,1.17408,EURUSD
2018-09-21 16:43:04,1.17407,EURUSD
2018-09-21 16:43:06,1.1740599999999999,EURUSD
2018-09-21 16:43:11,1.1740300000000001,EURUSD
2018-09-21 16:43:13,1.1740149999999998,EURUSD
2018-09-21 16:43:14,1.17402,EURUSD
2018-09-21 16:43:17,1.174,EURUSD
2018-09-21 16:43:18,1.17401,EURUSD
2018-09-21 16:43:20,1.174055,EURUSD
2018-09-21 16:43:21,1.17407,EURUSD
2018-09-21 16:43:23,1.1740599999999999,EURUSD
2018-09-21 16:43:27,1.17408,EURUSD
2018-09-21 16:43:28,1.17411,EURUSD
2018-09-21 16:43:29,1.17413,EURUSD
2018-09-21 16:43:41,1.17413,EURUSD
2018-09-21 16:43:43,1.17411,EURUSD
2018-09-21 16:43:50,1.1741199999999998,EURUSD
2018-09-21 16:43:51,1.17413,EURUSD
2018-09-21 16:43:55,1.1741199999999998,EURUSD
2018-09-21 16:43:56,1.17411,EURUSD
2018-09-21 16:43:57,1.1741199999999998,EURUSD
2018-09-21 16:44:00,1.17409,EURUSD
2018-09-21 16:44:02,1.17409,EURUSD
2018-09-21 16:44:04,1.1741000000000001,EURUSD
2018-09-21 16:44:19,1.17409,EURUSD
2018-09-21 16:44:23,1.17411,EURUSD
2018-09-21 16:44:25,1.1741199999999998,EURUSD
2018-09-21 16:44:31,1.17415,EURUSD
2018-09-21 16:44:34,1.17415,EURUSD
2018-09-21 16:44:35,1.174215,EURUSD
2018-09-21 16:44:36,1.174185,EURUSD
2018-09-21 16:44:37,1.174175,EURUSD
2018-09-21 16:44:40,1.174185,EURUSD
2018-09-21 16:44:41,1.174175,EURUSD
2018-09-21 16:44:46,1.1741700000000002,EURUSD
2018-09-21 16:44:47,1.1741700000000002,EURUSD
2018-09-21 16:44:56,1.1741700000000002,EURUSD
2018-09-21 16:44:58,1.17421,EURUSD
2018-09-21 16:44:59,1.1742050000000002,EURUSD
2018-09-21 16:45:00,1.17421,EURUSD
2018-09-21 16:45:01,1.17422,EURUSD
2018-09-21 16:45:03,1.17423,EURUSD
2018-09-21 16:45:04,1.1742400000000002,EURUSD
2018-09-21 16:45:05,1.174255,EURUSD
2018-09-21 16:45:07,1.17425,EURUSD
2018-09-21 16:45:09,1.1742400000000002,EURUSD
2018-09-21 16:45:11,1.17423,EURUSD
2018-09-21 16:45:12,1.174235,EURUSD
2018-09-21 16:45:15,1.17423,EURUSD
2018-09-21 16:45:31,1.1741700000000002,EURUSD
2018-09-21 16:45:54,1.17413,EURUSD
2018-09-21 16:46:01,1.17411,EURUSD
2018-09-21 16:46:34,1.174115,EURUSD
2018-09-21 16:46:35,1.1741199999999998,EURUSD
2018-09-21 16:46:37,1.174115,EURUSD
2018-09-21 16:46:39,1.1740849999999998,EURUSD
2018-09-21 16:46:43,1.1740750000000002,EURUSD
2018-09-21 16:46:44,1.1741199999999998,EURUSD
2018-09-21 16:46:45,1.174115,EURUSD
2018-09-21 16:46:47,1.17413,EURUSD
2018-09-21 16:46:50,1.1741350000000002,EURUSD
2018-09-21 16:46:52,1.1741700000000002,EURUSD
2018-09-21 16:46:53,1.174175,EURUSD
2018-09-21 16:46:58,1.17422,EURUSD
2018-09-21 16:47:00,1.1742400000000002,EURUSD
2018-09-21 16:47:02,1.1742650000000001,EURUSD
2018-09-21 16:47:09,1.174245,EURUSD
2018-09-21 16:47:10,1.17426,EURUSD
2018-09-21 16:47:11,1.174255,EURUSD
2018-09-21 16:47:12,1.174255,EURUSD
2018-09-21 16:47:13,1.1742650000000001,EURUSD
2018-09-21 16:47:17,1.174255,EURUSD
2018-09-21 16:47:18,1.174245,EURUSD
2018-09-21 16:47:19,1.174235,EURUSD
2018-09-21 16:47:20,1.17424,EURUSD
2018-09-21 16:47:24,1.174235,EURUSD
2018-09-21 16:47:31,1.1742400000000002,EURUSD
2018-09-21 16:47:33,1.17422,EURUSD
2018-09-21 16:47:36,1.17425,EURUSD
2018-09-21 16:47:38,1.174235,EURUSD
2018-09-21 16:47:39,1.174245,EURUSD
2018-09-21 16:47:40,1.174245,EURUSD
2018-09-21 16:47:42,1.174255,EURUSD
2018-09-21 16:47:49,1.174245,EURUSD
2018-09-21 16:47:50,1.174235,EURUSD
2018-09-21 16:47:51,1.17425,EURUSD
2018-09-21 16:47:52,1.1742599999999999,EURUSD
2018-09-21 16:47:53,1.1742650000000001,EURUSD
2018-09-21 16:48:10,1.17427,EURUSD
2018-09-21 16:48:14,1.1742650000000001,EURUSD
2018-09-21 16:48:16,1.17427,EURUSD
2018-09-21 16:48:18,1.174325,EURUSD
2018-09-21 16:48:20,1.1743350000000001,EURUSD
2018-09-21 16:48:27,1.17432,EURUSD
2018-09-21 16:48:28,1.174325,EURUSD
2018-09-21 16:48:30,1.1743199999999998,EURUSD
2018-09-21 16:48:33,1.174325,EURUSD
2018-09-21 16:48:39,1.1743199999999998,EURUSD
2018-09-21 16:48:49,1.174325,EURUSD
2018-09-21 16:48:51,1.1743100000000002,EURUSD
2018-09-21 16:48:52,1.174305,EURUSD
2018-09-21 16:48:54,1.1743100000000002,EURUSD
2018-09-21 16:48:56,1.1743199999999998,EURUSD
2018-09-21 16:49:02,1.1743100000000002,EURUSD
2018-09-21 16:49:09,1.1743199999999998,EURUSD
2018-09-21 16:49:12,1.1743199999999998,EURUSD
2018-09-21 16:49:13,1.17429,EURUSD
2018-09-21 16:49:16,1.17429,EURUSD
2018-09-21 16:49:17,1.1743100000000002,EURUSD
2018-09-21 16:49:18,1.1743199999999998,EURUSD
2018-09-21 16:49:28,1.17431,EURUSD
2018-09-21 16:49:29,1.1743100000000002,EURUSD
2018-09-21 16:49:34,1.1743000000000001,EURUSD
2018-09-21 16:49:46,1.17429,EURUSD
2018-09-21 16:49:48,1.1743000000000001,EURUSD
2018-09-21 16:50:00,1.17428,EURUSD
2018-09-21 16:50:01,1.1742849999999998,EURUSD
2018-09-21 16:50:02,1.17427,EURUSD
2018-09-21 16:50:10,1.17429,EURUSD
2018-09-21 16:50:12,1.17428,EURUSD
2018-09-21 16:50:15,1.17429,EURUSD
2018-09-21 16:50:17,1.1743000000000001,EURUSD
2018-09-21 16:50:22,1.1742599999999999,EURUSD
2018-09-21 16:50:27,1.17427,EURUSD
2018-09-21 16:50:28,1.1743100000000002,EURUSD
2018-09-21 16:50:50,1.1742750000000002,EURUSD
2018-09-21 16:50:52,1.17427,EURUSD
2018-09-21 16:50:56,1.1742400000000002,EURUSD
2018-09-21 16:51:00,1.17423,EURUSD
2018-09-21 16:51:02,1.1742400000000002,EURUSD
2018-09-21 16:51:06,1.174235,EURUSD
2018-09-21 16:51:07,1.17422,EURUSD
2018-09-21 16:51:12,1.174215,EURUSD
2018-09-21 16:51:13,1.17422,EURUSD
2018-09-21 16:51:17,1.174235,EURUSD
2018-09-21 16:51:20,1.174235,EURUSD
2018-09-21 16:51:21,1.17423,EURUSD
2018-09-21 16:51:26,1.17423,EURUSD
2018-09-21 16:51:32,1.1742249999999999,EURUSD
2018-09-21 16:51:40,1.1741700000000002,EURUSD
2018-09-21 16:51:45,1.1742050000000002,EURUSD
2018-09-21 16:51:46,1.1741899999999998,EURUSD
2018-09-21 16:51:47,1.174185,EURUSD
2018-09-21 16:51:48,1.1741899999999998,EURUSD
2018-09-21 16:51:49,1.1742,EURUSD
2018-09-21 16:51:51,1.174195,EURUSD
2018-09-21 16:51:52,1.1741899999999998,EURUSD
2018-09-21 16:51:53,1.17418,EURUSD
2018-09-21 16:51:56,1.1741700000000002,EURUSD
2018-09-21 16:51:59,1.17418,EURUSD
2018-09-21 16:52:02,1.1742,EURUSD
2018-09-21 16:52:03,1.17421,EURUSD
2018-09-21 16:52:05,1.17422,EURUSD
2018-09-21 16:52:07,1.17423,EURUSD
2018-09-21 16:52:14,1.17422,EURUSD
2018-09-21 16:52:20,1.1742,EURUSD
2018-09-21 16:52:21,1.17423,EURUSD
2018-09-21 16:52:26,1.17422,EURUSD
2018-09-21 16:52:35,1.174235,EURUSD
2018-09-21 16:52:36,1.17425,EURUSD
2018-09-21 16:52:43,1.1742599999999999,EURUSD
2018-09-21 16:52:44,1.17427,EURUSD
2018-09-21 16:52:45,1.17428,EURUSD
2018-09-21 16:52:46,1.17427,EURUSD
2018-09-21 16:52:49,1.1742400000000002,EURUSD
2018-09-21 16:52:52,1.174245,EURUSD
2018-09-21 16:52:53,1.17425,EURUSD
2018-09-21 16:52:56,1.1742599999999999,EURUSD
2018-09-21 16:52:58,1.174275,EURUSD
2018-09-21 16:52:59,1.17429,EURUSD
2018-09-21 16:53:01,1.1743000000000001,EURUSD
2018-09-21 16:53:05,1.1742849999999998,EURUSD
2018-09-21 16:53:06,1.1742599999999999,EURUSD
2018-09-21 16:53:08,1.17422,EURUSD
2018-09-21 16:53:23,1.174195,EURUSD
2018-09-21 16:53:24,1.1741700000000002,EURUSD
2018-09-21 16:53:35,1.1741899999999998,EURUSD
2018-09-21 16:53:42,1.1742,EURUSD
2018-09-21 16:53:49,1.17421,EURUSD
2018-09-21 16:53:50,1.17422,EURUSD
2018-09-21 16:53:55,1.17423,EURUSD
2018-09-21 16:53:56,1.1742400000000002,EURUSD
2018-09-21 16:53:58,1.17422,EURUSD
2018-09-21 16:54:03,1.1741899999999998,EURUSD
2018-09-21 16:54:06,1.17418,EURUSD
2018-09-21 16:54:17,1.1741700000000002,EURUSD
2018-09-21 16:54:19,1.17416,EURUSD
2018-09-21 16:54:26,1.1741549999999998,EURUSD
2018-09-21 16:54:30,1.17416,EURUSD
2018-09-21 16:54:35,1.174175,EURUSD
2018-09-21 16:54:36,1.174175,EURUSD
2018-09-21 16:54:45,1.17418,EURUSD
2018-09-21 16:54:47,1.174165,EURUSD
2018-09-21 16:54:48,1.17416,EURUSD
2018-09-21 16:55:00,1.17418,EURUSD
2018-09-21 16:55:01,1.174175,EURUSD
2018-09-21 16:55:02,1.17418,EURUSD
2018-09-21 16:55:03,1.17418,EURUSD
2018-09-21 16:55:09,1.1741700000000002,EURUSD
2018-09-21 16:55:10,1.17416,EURUSD
2018-09-21 16:55:14,1.17408,EURUSD
2018-09-21 16:55:15,1.1740949999999999,EURUSD
2018-09-21 16:55:16,1.1741,EURUSD
2018-09-21 16:55:17,1.174125,EURUSD
2018-09-21 16:55:20,1.174175,EURUSD
2018-09-21 16:55:24,1.1741700000000002,EURUSD
2018-09-21 16:55:28,1.17413,EURUSD
2018-09-21 16:55:29,1.1741199999999998,EURUSD
2018-09-21 16:55:37,1.17407,EURUSD
2018-09-21 16:55:38,1.174085,EURUSD
2018-09-21 16:55:41,1.17408,EURUSD
2018-09-21 16:55:42,1.1740650000000001,EURUSD
2018-09-21 16:55:44,1.17413,EURUSD
2018-09-21 16:55:47,1.17415,EURUSD
2018-09-21 16:55:48,1.17411,EURUSD
2018-09-21 16:56:02,1.1741000000000001,EURUSD
2018-09-21 16:56:11,1.17408,EURUSD
2018-09-21 16:56:12,1.1740599999999999,EURUSD
2018-09-21 16:56:14,1.1740499999999998,EURUSD
2018-09-21 16:56:17,1.1740400000000002,EURUSD
2018-09-21 16:56:27,1.17401,EURUSD
2018-09-21 16:56:31,1.17395,EURUSD
2018-09-21 16:56:41,1.173935,EURUSD
2018-09-21 16:56:42,1.17393,EURUSD
2018-09-21 16:56:44,1.1739,EURUSD
2018-09-21 16:56:46,1.17388,EURUSD
2018-09-21 16:56:47,1.173895,EURUSD
2018-09-21 16:56:50,1.1739,EURUSD
2018-09-21 16:56:51,1.173965,EURUSD
2018-09-21 16:56:52,1.1739600000000001,EURUSD
2018-09-21 16:56:54,1.1739700000000002,EURUSD
2018-09-21 16:56:55,1.1739899999999999,EURUSD
2018-09-21 16:56:58,1.174,EURUSD
2018-09-21 16:56:59,1.17401,EURUSD
2018-09-21 16:57:02,1.1740050000000002,EURUSD
2018-09-21 16:57:03,1.174,EURUSD
2018-09-21 16:57:05,1.1739350000000002,EURUSD
2018-09-21 16:57:06,1.1739600000000001,EURUSD
2018-09-21 16:57:09,1.1739449999999998,EURUSD
2018-09-21 16:57:12,1.1739449999999998,EURUSD
2018-09-21 16:57:13,1.1739350000000002,EURUSD
2018-09-21 16:57:16,1.1739350000000002,EURUSD
2018-09-21 16:57:17,1.173925,EURUSD
2018-09-21 16:57:18,1.17395,EURUSD
2018-09-21 16:57:20,1.1739600000000001,EURUSD
2018-09-21 16:57:27,1.173965,EURUSD
2018-09-21 16:57:29,1.1739700000000002,EURUSD
2018-09-21 16:57:30,1.173965,EURUSD
2018-09-21 16:57:33,1.1739600000000001,EURUSD
2018-09-21 16:57:37,1.1739700000000002,EURUSD
2018-09-21 16:57:44,1.1739600000000001,EURUSD
2018-09-21 16:57:49,1.17395,EURUSD
2018-09-21 16:58:03,1.17401,EURUSD
2018-09-21 16:58:07,1.173985,EURUSD
2018-09-21 16:58:16,1.1739700000000002,EURUSD
2018-09-21 16:58:19,1.1739899999999999,EURUSD
2018-09-21 16:58:21,1.174,EURUSD
2018-09-21 16:58:30,1.17401,EURUSD
2018-09-21 16:58:35,1.1740650000000001,EURUSD
2018-09-21 16:58:36,1.17418,EURUSD
2018-09-21 16:58:37,1.174245,EURUSD
2018-09-21 16:58:38,1.174255,EURUSD
2018-09-21 16:58:39,1.1742599999999999,EURUSD
2018-09-21 16:58:40,1.17428,EURUSD
2018-09-21 16:58:41,1.174255,EURUSD
2018-09-21 16:58:42,1.1742599999999999,EURUSD
2018-09-21 16:58:43,1.17428,EURUSD
2018-09-21 16:58:44,1.174275,EURUSD
2018-09-21 16:58:45,1.174315,EURUSD
2018-09-21 16:58:46,1.174315,EURUSD
2018-09-21 16:58:47,1.17432,EURUSD
2018-09-21 16:58:48,1.1743000000000001,EURUSD
2018-09-21 16:58:49,1.174305,EURUSD
2018-09-21 16:58:50,1.174285,EURUSD
2018-09-21 16:58:51,1.17435,EURUSD
2018-09-21 16:58:52,1.174355,EURUSD
2018-09-21 16:58:53,1.174355,EURUSD
2018-09-21 16:58:54,1.174375,EURUSD
2018-09-21 16:58:55,1.1743700000000001,EURUSD
2018-09-21 16:58:56,1.17436,EURUSD
2018-09-21 16:58:57,1.17436,EURUSD
2018-09-21 16:58:58,1.1743999999999999,EURUSD
2018-09-21 16:58:59,1.174395,EURUSD
2018-09-21 16:59:00,1.17436,EURUSD
2018-09-21 16:59:01,1.17434,EURUSD
2018-09-21 16:59:02,1.174315,EURUSD
2018-09-21 16:59:03,1.1743299999999999,EURUSD
2018-09-21 16:59:04,1.17435,EURUSD
2018-09-21 16:59:05,1.17435,EURUSD
2018-09-21 16:59:06,1.1743700000000001,EURUSD
2018-09-21 16:59:07,1.17434,EURUSD
2018-09-21 16:59:08,1.17435,EURUSD
2018-09-21 16:59:09,1.174315,EURUSD
2018-09-21 16:59:10,1.1742849999999998,EURUSD
2018-09-21 16:59:11,1.17427,EURUSD
2018-09-21 16:59:12,1.174325,EURUSD
2018-09-21 16:59:13,1.1743649999999999,EURUSD
2018-09-21 16:59:14,1.17435,EURUSD
2018-09-21 16:59:15,1.174345,EURUSD
2018-09-21 16:59:18,1.1743350000000001,EURUSD
2018-09-21 16:59:20,1.1742750000000002,EURUSD
2018-09-21 16:59:21,1.1742650000000001,EURUSD
2018-09-21 16:59:22,1.1742650000000001,EURUSD
2018-09-21 16:59:24,1.17427,EURUSD
2018-09-21 16:59:26,1.1742599999999999,EURUSD
2018-09-21 16:59:29,1.1742650000000001,EURUSD
2018-09-21 16:59:30,1.1742599999999999,EURUSD
2018-09-21 16:59:31,1.17427,EURUSD
2018-09-21 16:59:33,1.17427,EURUSD
2018-09-21 16:59:34,1.17422,EURUSD
2018-09-21 16:59:37,1.17421,EURUSD
2018-09-21 16:59:40,1.1742249999999999,EURUSD
2018-09-21 16:59:41,1.1742,EURUSD
2018-09-21 16:59:44,1.1742050000000002,EURUSD
2018-09-21 16:59:45,1.1742,EURUSD
2018-09-21 16:59:48,1.1741899999999998,EURUSD
2018-09-21 16:59:52,1.1742,EURUSD
2018-09-21 16:59:53,1.17421,EURUSD
2018-09-21 16:59:54,1.174215,EURUSD
2018-09-21 16:59:55,1.17425,EURUSD
2018-09-21 16:59:56,1.17425,EURUSD
2018-09-21 16:59:57,1.17428,EURUSD
2018-09-21 16:59:58,1.1742650000000001,EURUSD
2018-09-21 16:59:59,1.174245,EURUSD
2018-09-21 17:00:00,1.174215,EURUSD
2018-09-21 17:00:01,1.17423,EURUSD
2018-09-21 17:00:02,1.17422,EURUSD
2018-09-21 17:00:04,1.1742400000000002,EURUSD
2018-09-21 17:00:06,1.17425,EURUSD
2018-09-21 17:00:08,1.1742,EURUSD
2018-09-21 17:00:09,1.1742050000000002,EURUSD
2018-09-21 17:00:10,1.1742400000000002,EURUSD
2018-09-21 17:00:11,1.17423,EURUSD
2018-09-21 17:00:12,1.17421,EURUSD
2018-09-21 17:00:13,1.1742050000000002,EURUSD
2018-09-21 17:00:14,1.1742,EURUSD
2018-09-21 17:00:15,1.1742050000000002,EURUSD
2018-09-21 17:00:16,1.1742,EURUSD
2018-09-21 17:00:17,1.17422,EURUSD
2018-09-21 17:00:18,1.17421,EURUSD
2018-09-21 17:00:21,1.17427,EURUSD
2018-09-21 17:00:22,1.17429,EURUSD
2018-09-21 17:00:24,1.1743299999999999,EURUSD
2018-09-21 17:00:25,1.174315,EURUSD
2018-09-21 17:00:28,1.174305,EURUSD
2018-09-21 17:00:32,1.1743100000000002,EURUSD
2018-09-21 17:00:34,1.1743649999999999,EURUSD
2018-09-21 17:00:35,1.174355,EURUSD
2018-09-21 17:00:44,1.1743649999999999,EURUSD
2018-09-21 17:00:46,1.174375,EURUSD
2018-09-21 17:00:49,1.1743700000000001,EURUSD
2018-09-21 17:00:50,1.174375,EURUSD
2018-09-21 17:00:52,1.1743700000000001,EURUSD
2018-09-21 17:00:53,1.174375,EURUSD
2018-09-21 17:00:55,1.174385,EURUSD
2018-09-21 17:00:57,1.1743649999999999,EURUSD
2018-09-21 17:00:58,1.17434,EURUSD
2018-09-21 17:01:00,1.1743199999999998,EURUSD
2018-09-21 17:01:01,1.1743299999999999,EURUSD
2018-09-21 17:01:02,1.1743199999999998,EURUSD
2018-09-21 17:01:06,1.1743199999999998,EURUSD
2018-09-21 17:01:07,1.174315,EURUSD
2018-09-21 17:01:10,1.17428,EURUSD
2018-09-21 17:01:11,1.1742750000000002,EURUSD
2018-09-21 17:01:12,1.17427,EURUSD
2018-09-21 17:01:17,1.1742650000000001,EURUSD
2018-09-21 17:01:22,1.17422,EURUSD
2018-09-21 17:01:24,1.174215,EURUSD
2018-09-21 17:01:26,1.174215,EURUSD
2018-09-21 17:01:27,1.174215,EURUSD
2018-09-21 17:01:32,1.1742249999999999,EURUSD
2018-09-21 17:01:33,1.17429,EURUSD
2018-09-21 17:01:36,1.17428,EURUSD
2018-09-21 17:01:37,1.17427,EURUSD
2018-09-21 17:01:38,1.1742750000000002,EURUSD
2018-09-21 17:01:39,1.1743199999999998,EURUSD
2018-09-21 17:01:47,1.1743100000000002,EURUSD
2018-09-21 17:01:53,1.174315,EURUSD
2018-09-21 17:01:54,1.1743100000000002,EURUSD
2018-09-21 17:01:57,1.1743299999999999,EURUSD
2018-09-21 17:01:58,1.1743100000000002,EURUSD
2018-09-21 17:02:02,1.1743299999999999,EURUSD
2018-09-21 17:02:03,1.17434,EURUSD
2018-09-21 17:02:05,1.174325,EURUSD
2018-09-21 17:02:06,1.1743199999999998,EURUSD
2018-09-21 17:02:07,1.1743100000000002,EURUSD
2018-09-21 17:02:18,1.1743700000000001,EURUSD
2018-09-21 17:02:19,1.1743800000000002,EURUSD
2018-09-21 17:02:22,1.1743700000000001,EURUSD
2018-09-21 17:02:26,1.1743800000000002,EURUSD
2018-09-21 17:02:27,1.174375,EURUSD
2018-09-21 17:02:28,1.1743649999999999,EURUSD
2018-09-21 17:02:30,1.17434,EURUSD
2018-09-21 17:02:32,1.1743700000000001,EURUSD
2018-09-21 17:02:33,1.174395,EURUSD
2018-09-21 17:02:34,1.174385,EURUSD
2018-09-21 17:02:35,1.174375,EURUSD
2018-09-21 17:02:36,1.174375,EURUSD
2018-09-21 17:02:39,1.17436,EURUSD
2018-09-21 17:02:40,1.17435,EURUSD
2018-09-21 17:02:41,1.1744050000000001,EURUSD
2018-09-21 17:02:42,1.1744249999999998,EURUSD
2018-09-21 17:02:45,1.17442,EURUSD
2018-09-21 17:02:53,1.174395,EURUSD
2018-09-21 17:02:54,1.17436,EURUSD
2018-09-21 17:03:00,1.1743199999999998,EURUSD
2018-09-21 17:03:09,1.1743100000000002,EURUSD
2018-09-21 17:03:11,1.1743199999999998,EURUSD
2018-09-21 17:03:12,1.1743100000000002,EURUSD
2018-09-21 17:03:13,1.1743299999999999,EURUSD
2018-09-21 17:03:14,1.17434,EURUSD
2018-09-21 17:03:16,1.17434,EURUSD
2018-09-21 17:03:17,1.17435,EURUSD
2018-09-21 17:03:26,1.1743700000000001,EURUSD
2018-09-21 17:03:27,1.1743999999999999,EURUSD
2018-09-21 17:03:34,1.1743700000000001,EURUSD
2018-09-21 17:03:40,1.17436,EURUSD
2018-09-21 17:03:47,1.17435,EURUSD
2018-09-21 17:03:54,1.174355,EURUSD
2018-09-21 17:03:55,1.17435,EURUSD
2018-09-21 17:03:56,1.1743299999999999,EURUSD
2018-09-21 17:03:57,1.1743199999999998,EURUSD
2018-09-21 17:04:06,1.1743100000000002,EURUSD
2018-09-21 17:04:07,1.1743199999999998,EURUSD
2018-09-21 17:04:08,1.1743199999999998,EURUSD
2018-09-21 17:04:12,1.1743100000000002,EURUSD
2018-09-21 17:04:16,1.17427,EURUSD
2018-09-21 17:04:19,1.1742599999999999,EURUSD
2018-09-21 17:04:20,1.174285,EURUSD
2018-09-21 17:04:21,1.17434,EURUSD
2018-09-21 17:04:23,1.1743100000000002,EURUSD
2018-09-21 17:04:25,1.1743100000000002,EURUSD
2018-09-21 17:04:32,1.1743100000000002,EURUSD
2018-09-21 17:04:33,1.1743000000000001,EURUSD
2018-09-21 17:04:35,1.17429,EURUSD
2018-09-21 17:04:36,1.17427,EURUSD
2018-09-21 17:04:38,1.1742400000000002,EURUSD
2018-09-21 17:04:43,1.1743000000000001,EURUSD
2018-09-21 17:04:45,1.1743199999999998,EURUSD
2018-09-21 17:04:47,1.1743549999999998,EURUSD
2018-09-21 17:04:48,1.17434,EURUSD
2018-09-21 17:04:49,1.1743299999999999,EURUSD
2018-09-21 17:04:52,1.1743199999999998,EURUSD
2018-09-21 17:04:53,1.1743100000000002,EURUSD
2018-09-21 17:04:55,1.1743199999999998,EURUSD
2018-09-21 17:04:58,1.1743100000000002,EURUSD
2018-09-21 17:05:01,1.17434,EURUSD
2018-09-21 17:05:03,1.1743299999999999,EURUSD
2018-09-21 17:05:04,1.1743199999999998,EURUSD
2018-09-21 17:05:05,1.174345,EURUSD
2018-09-21 17:05:06,1.17435,EURUSD
2018-09-21 17:05:07,1.1743199999999998,EURUSD
2018-09-21 17:05:08,1.1743299999999999,EURUSD
2018-09-21 17:05:12,1.174315,EURUSD
2018-09-21 17:05:13,1.1743199999999998,EURUSD
2018-09-21 17:05:14,1.17434,EURUSD
2018-09-21 17:05:17,1.17435,EURUSD
2018-09-21 17:05:32,1.17436,EURUSD
2018-09-21 17:05:37,1.174385,EURUSD
2018-09-21 17:05:38,1.17441,EURUSD
2018-09-21 17:05:39,1.17443,EURUSD
2018-09-21 17:05:40,1.17442,EURUSD
2018-09-21 17:05:44,1.17441,EURUSD
2018-09-21 17:05:49,1.17442,EURUSD
2018-09-21 17:05:50,1.1743999999999999,EURUSD
2018-09-21 17:05:55,1.17436,EURUSD
2018-09-21 17:05:56,1.17435,EURUSD
2018-09-21 17:05:58,1.17434,EURUSD
2018-09-21 17:06:01,1.1743000000000001,EURUSD
2018-09-21 17:06:11,1.17428,EURUSD
2018-09-21 17:06:12,1.17425,EURUSD
2018-09-21 17:06:13,1.17424,EURUSD
2018-09-21 17:06:14,1.17423,EURUSD
2018-09-21 17:06:15,1.17421,EURUSD
2018-09-21 17:06:16,1.1742050000000002,EURUSD
2018-09-21 17:06:23,1.174175,EURUSD
2018-09-21 17:06:24,1.174175,EURUSD
2018-09-21 17:06:26,1.17418,EURUSD
2018-09-21 17:06:28,1.174185,EURUSD
2018-09-21 17:06:30,1.1742050000000002,EURUSD
2018-09-21 17:06:32,1.1742599999999999,EURUSD
2018-09-21 17:06:35,1.17427,EURUSD
2018-09-21 17:06:36,1.1742650000000001,EURUSD
2018-09-21 17:06:39,1.17427,EURUSD
2018-09-21 17:06:40,1.17427,EURUSD
2018-09-21 17:06:45,1.17428,EURUSD
2018-09-21 17:06:46,1.17427,EURUSD
2018-09-21 17:06:47,1.1743199999999998,EURUSD
2018-09-21 17:06:48,1.17434,EURUSD
2018-09-21 17:06:53,1.1743299999999999,EURUSD
2018-09-21 17:07:01,1.17434,EURUSD
2018-09-21 17:07:02,1.17444,EURUSD
2018-09-21 17:07:03,1.17445,EURUSD
2018-09-21 17:07:04,1.174425,EURUSD
2018-09-21 17:07:05,1.17442,EURUSD
2018-09-21 17:07:08,1.17443,EURUSD
2018-09-21 17:07:09,1.174415,EURUSD
2018-09-21 17:07:10,1.17441,EURUSD
2018-09-21 17:07:11,1.17442,EURUSD
2018-09-21 17:07:14,1.17442,EURUSD
2018-09-21 17:07:15,1.174415,EURUSD
2018-09-21 17:07:18,1.174425,EURUSD
2018-09-21 17:07:20,1.17442,EURUSD
2018-09-21 17:07:23,1.174415,EURUSD
2018-09-21 17:07:27,1.17442,EURUSD
2018-09-21 17:07:31,1.17442,EURUSD
2018-09-21 17:07:37,1.17441,EURUSD
2018-09-21 17:07:39,1.1743800000000002,EURUSD
2018-09-21 17:07:42,1.1743700000000001,EURUSD
2018-09-21 17:07:43,1.17435,EURUSD
2018-09-21 17:07:46,1.17434,EURUSD
2018-09-21 17:07:48,1.1743299999999999,EURUSD
2018-09-21 17:07:50,1.1743350000000001,EURUSD
2018-09-21 17:07:55,1.1743649999999999,EURUSD
2018-09-21 17:07:56,1.1743700000000001,EURUSD
2018-09-21 17:08:00,1.17436,EURUSD
2018-09-21 17:08:03,1.1743450000000002,EURUSD
2018-09-21 17:08:05,1.17436,EURUSD
2018-09-21 17:08:17,1.1743450000000002,EURUSD
2018-09-21 17:08:18,1.174325,EURUSD
2018-09-21 17:08:20,1.17434,EURUSD
2018-09-21 17:08:21,1.1743299999999999,EURUSD
2018-09-21 17:08:24,1.1743450000000002,EURUSD
2018-09-21 17:08:25,1.17436,EURUSD
2018-09-21 17:08:37,1.1743450000000002,EURUSD
2018-09-21 17:08:38,1.17436,EURUSD
2018-09-21 17:08:44,1.174375,EURUSD
2018-09-21 17:08:49,1.1743899999999998,EURUSD
2018-09-21 17:08:51,1.174395,EURUSD
2018-09-21 17:08:56,1.17442,EURUSD
2018-09-21 17:09:00,1.17441,EURUSD
2018-09-21 17:09:12,1.17442,EURUSD
2018-09-21 17:09:14,1.17443,EURUSD
2018-09-21 17:09:15,1.17441,EURUSD
2018-09-21 17:09:25,1.1743649999999999,EURUSD
2018-09-21 17:09:27,1.17435,EURUSD
2018-09-21 17:09:29,1.17436,EURUSD
2018-09-21 17:09:31,1.17436,EURUSD
2018-09-21 17:09:33,1.174385,EURUSD
2018-09-21 17:09:34,1.1743700000000001,EURUSD
2018-09-21 17:09:36,1.17435,EURUSD
2018-09-21 17:09:39,1.17434,EURUSD
2018-09-21 17:09:41,1.1743199999999998,EURUSD
2018-09-21 17:09:46,1.174315,EURUSD
2018-09-21 17:09:54,1.1743700000000001,EURUSD
2018-09-21 17:10:02,1.174375,EURUSD
2018-09-21 17:10:05,1.17441,EURUSD
2018-09-21 17:10:06,1.1744249999999998,EURUSD
2018-09-21 17:10:07,1.174455,EURUSD
2018-09-21 17:10:08,1.174455,EURUSD
2018-09-21 17:10:10,1.174425,EURUSD
2018-09-21 17:10:11,1.174415,EURUSD
2018-09-21 17:10:13,1.174515,EURUSD
2018-09-21 17:10:14,1.174535,EURUSD
2018-09-21 17:10:15,1.174515,EURUSD
2018-09-21 17:10:16,1.174515,EURUSD
2018-09-21 17:10:18,1.174485,EURUSD
2018-09-21 17:10:23,1.17449,EURUSD
2018-09-21 17:10:24,1.1744750000000002,EURUSD
2018-09-21 17:10:25,1.1744750000000002,EURUSD
2018-09-21 17:10:30,1.1744599999999998,EURUSD
2018-09-21 17:10:37,1.174465,EURUSD
2018-09-21 17:10:40,1.1744599999999998,EURUSD
2018-09-21 17:10:41,1.1744249999999998,EURUSD
2018-09-21 17:10:52,1.174445,EURUSD
2018-09-21 17:10:54,1.174465,EURUSD
2018-09-21 17:10:57,1.174445,EURUSD
2018-09-21 17:10:58,1.174435,EURUSD
2018-09-21 17:11:02,1.1744400000000002,EURUSD
2018-09-21 17:11:05,1.1744249999999998,EURUSD
2018-09-21 17:11:06,1.1744599999999998,EURUSD
2018-09-21 17:11:13,1.174465,EURUSD
2018-09-21 17:11:36,1.1744750000000002,EURUSD
2018-09-21 17:11:37,1.17447,EURUSD
2018-09-21 17:11:39,1.17447,EURUSD
2018-09-21 17:11:42,1.1744249999999998,EURUSD
2018-09-21 17:11:45,1.17442,EURUSD
2018-09-21 17:11:59,1.1743999999999999,EURUSD
2018-09-21 17:12:00,1.1743899999999998,EURUSD
2018-09-21 17:12:02,1.1743999999999999,EURUSD
2018-09-21 17:12:03,1.17436,EURUSD
2018-09-21 17:12:21,1.17438,EURUSD
2018-09-21 17:12:22,1.1743999999999999,EURUSD
2018-09-21 17:12:24,1.17441,EURUSD
2018-09-21 17:12:26,1.1743800000000002,EURUSD
2018-09-21 17:12:38,1.17435,EURUSD
2018-09-21 17:12:41,1.1743999999999999,EURUSD
2018-09-21 17:12:44,1.17441,EURUSD
2018-09-21 17:12:46,1.1743899999999998,EURUSD
2018-09-21 17:12:49,1.174375,EURUSD
2018-09-21 17:12:50,1.1743700000000001,EURUSD
2018-09-21 17:12:51,1.1743800000000002,EURUSD
2018-09-21 17:12:53,1.1743999999999999,EURUSD
2018-09-21 17:12:56,1.17441,EURUSD
2018-09-21 17:13:10,1.17445,EURUSD
2018-09-21 17:13:21,1.174425,EURUSD
2018-09-21 17:13:22,1.1744400000000002,EURUSD
2018-09-21 17:13:23,1.17445,EURUSD
2018-09-21 17:13:26,1.17442,EURUSD
2018-09-21 17:13:27,1.17441,EURUSD
2018-09-21 17:13:28,1.17442,EURUSD
2018-09-21 17:13:41,1.17445,EURUSD
2018-09-21 17:13:43,1.1744599999999998,EURUSD
2018-09-21 17:13:44,1.17445,EURUSD
2018-09-21 17:13:45,1.1744599999999998,EURUSD
2018-09-21 17:13:53,1.17441,EURUSD
2018-09-21 17:13:54,1.1744400000000002,EURUSD
2018-09-21 17:13:55,1.174455,EURUSD
2018-09-21 17:13:56,1.1744599999999998,EURUSD
2018-09-21 17:14:54,1.17441,EURUSD
2018-09-21 17:14:59,1.1744599999999998,EURUSD
2018-09-21 17:15:32,1.17447,EURUSD
2018-09-21 17:15:33,1.17441,EURUSD
2018-09-21 17:15:41,1.1743999999999999,EURUSD
2018-09-21 17:16:09,1.1744050000000001,EURUSD
2018-09-21 17:16:10,1.17441,EURUSD
2018-09-21 17:16:29,1.1744050000000001,EURUSD
2018-09-21 17:16:30,1.1743999999999999,EURUSD
2018-09-21 17:16:37,1.1744050000000001,EURUSD
2018-09-21 17:16:39,1.1743999999999999,EURUSD
2018-09-21 17:16:47,1.1744150000000002,EURUSD
2018-09-21 17:16:48,1.1743800000000002,EURUSD
2018-09-21 17:16:49,1.1743700000000001,EURUSD
2018-09-21 17:16:51,1.1743800000000002,EURUSD
2018-09-21 17:16:58,1.1743899999999998,EURUSD
2018-09-21 17:17:01,1.1743999999999999,EURUSD
2018-09-21 17:17:02,1.17443,EURUSD
2018-09-21 17:17:04,1.17445,EURUSD
2018-09-21 17:17:07,1.1744599999999998,EURUSD
2018-09-21 17:17:08,1.17449,EURUSD
2018-09-21 17:17:09,1.1745,EURUSD
2018-09-21 17:17:26,1.17447,EURUSD
2018-09-21 17:17:28,1.1744599999999998,EURUSD
2018-09-21 17:17:41,1.17449,EURUSD
2018-09-21 17:17:49,1.17449,EURUSD
2018-09-21 17:17:53,1.17448,EURUSD
2018-09-21 17:17:57,1.17445,EURUSD
2018-09-21 17:18:01,1.17447,EURUSD
2018-09-21 17:18:02,1.17449,EURUSD
2018-09-21 17:18:03,1.174515,EURUSD
2018-09-21 17:18:04,1.17455,EURUSD
2018-09-21 17:18:19,1.17456,EURUSD
2018-09-21 17:18:20,1.1745999999999999,EURUSD
2018-09-21 17:18:24,1.1745899999999998,EURUSD
2018-09-21 17:18:28,1.1745800000000002,EURUSD
2018-09-21 17:18:31,1.17452,EURUSD
2018-09-21 17:18:49,1.174575,EURUSD
2018-09-21 17:18:50,1.1745999999999999,EURUSD
2018-09-21 17:18:51,1.1745800000000002,EURUSD
2018-09-21 17:18:52,1.17456,EURUSD
2018-09-21 17:18:55,1.1745700000000001,EURUSD
2018-09-21 17:18:56,1.1745800000000002,EURUSD
2018-09-21 17:18:57,1.1745700000000001,EURUSD
2018-09-21 17:18:58,1.1745800000000002,EURUSD
2018-09-21 17:19:00,1.17454,EURUSD
2018-09-21 17:19:05,1.17455,EURUSD
2018-09-21 17:19:12,1.1745800000000002,EURUSD
2018-09-21 17:19:13,1.1745899999999998,EURUSD
2018-09-21 17:19:21,1.1745999999999999,EURUSD
2018-09-21 17:19:22,1.1746400000000001,EURUSD
2018-09-21 17:19:24,1.17463,EURUSD
2018-09-21 17:19:25,1.1745999999999999,EURUSD
2018-09-21 17:19:27,1.1745899999999998,EURUSD
2018-09-21 17:19:34,1.17455,EURUSD
2018-09-21 17:19:40,1.1745899999999998,EURUSD
2018-09-21 17:19:41,1.17456,EURUSD
2018-09-21 17:19:43,1.1745700000000001,EURUSD
2018-09-21 17:19:45,1.1745100000000002,EURUSD
2018-09-21 17:19:52,1.174515,EURUSD
2018-09-21 17:19:53,1.17452,EURUSD
2018-09-21 17:20:08,1.174515,EURUSD
2018-09-21 17:20:10,1.17452,EURUSD
2018-09-21 17:20:14,1.174515,EURUSD
2018-09-21 17:20:15,1.17452,EURUSD
2018-09-21 17:20:17,1.174515,EURUSD
2018-09-21 17:20:18,1.17452,EURUSD
2018-09-21 17:20:19,1.174515,EURUSD
2018-09-21 17:20:20,1.17452,EURUSD
2018-09-21 17:20:21,1.174515,EURUSD
2018-09-21 17:20:22,1.1745100000000002,EURUSD
2018-09-21 17:20:23,1.1745,EURUSD
2018-09-21 17:20:24,1.1745100000000002,EURUSD
2018-09-21 17:20:41,1.17452,EURUSD
2018-09-21 17:20:44,1.174515,EURUSD
2018-09-21 17:20:47,1.1745299999999999,EURUSD
2018-09-21 17:20:53,1.1745800000000002,EURUSD
2018-09-21 17:20:54,1.17452,EURUSD
2018-09-21 17:20:59,1.174515,EURUSD
2018-09-21 17:21:00,1.174515,EURUSD
2018-09-21 17:21:04,1.1745100000000002,EURUSD
2018-09-21 17:21:06,1.17452,EURUSD
2018-09-21 17:21:09,1.17455,EURUSD
2018-09-21 17:21:24,1.17456,EURUSD
2018-09-21 17:21:31,1.17455,EURUSD
2018-09-21 17:21:35,1.1745700000000001,EURUSD
2018-09-21 17:21:54,1.1745800000000002,EURUSD
2018-09-21 17:21:55,1.17461,EURUSD
2018-09-21 17:21:57,1.1745999999999999,EURUSD
2018-09-21 17:22:00,1.1745899999999998,EURUSD
2018-09-21 17:22:01,1.174585,EURUSD
2018-09-21 17:22:02,1.174535,EURUSD
2018-09-21 17:22:03,1.17454,EURUSD
2018-09-21 17:22:06,1.17456,EURUSD
2018-09-21 17:22:09,1.1745700000000001,EURUSD
2018-09-21 17:22:25,1.174575,EURUSD
2018-09-21 17:22:29,1.1745700000000001,EURUSD
2018-09-21 17:22:40,1.174575,EURUSD
2018-09-21 17:22:55,1.1745700000000001,EURUSD
2018-09-21 17:22:56,1.1745100000000002,EURUSD
2018-09-21 17:23:26,1.1744750000000002,EURUSD
2018-09-21 17:23:27,1.1744599999999998,EURUSD
2018-09-21 17:23:41,1.174485,EURUSD
2018-09-21 17:23:42,1.17449,EURUSD
2018-09-21 17:23:51,1.1745100000000002,EURUSD
2018-09-21 17:24:06,1.17452,EURUSD
2018-09-21 17:24:08,1.17447,EURUSD
2018-09-21 17:24:14,1.17448,EURUSD
2018-09-21 17:24:15,1.17447,EURUSD
2018-09-21 17:24:28,1.17449,EURUSD
2018-09-21 17:24:35,1.1745,EURUSD
2018-09-21 17:25:00,1.17448,EURUSD
2018-09-21 17:25:04,1.17447,EURUSD
2018-09-21 17:25:05,1.17449,EURUSD
2018-09-21 17:25:17,1.17448,EURUSD
2018-09-21 17:25:19,1.17449,EURUSD
2018-09-21 17:25:20,1.1745,EURUSD
2018-09-21 17:25:27,1.17449,EURUSD
2018-09-21 17:25:28,1.17455,EURUSD
2018-09-21 17:25:29,1.17456,EURUSD
2018-09-21 17:25:31,1.17456,EURUSD
2018-09-21 17:25:33,1.1745549999999998,EURUSD
2018-09-21 17:25:35,1.17455,EURUSD
2018-09-21 17:25:38,1.174615,EURUSD
2018-09-21 17:25:49,1.17461,EURUSD
2018-09-21 17:25:50,1.174615,EURUSD
2018-09-21 17:25:52,1.174625,EURUSD
2018-09-21 17:25:54,1.17462,EURUSD
2018-09-21 17:25:57,1.17461,EURUSD
2018-09-21 17:26:02,1.1745700000000001,EURUSD
2018-09-21 17:26:13,1.1745800000000002,EURUSD
2018-09-21 17:26:18,1.1745899999999998,EURUSD
2018-09-21 17:26:19,1.17462,EURUSD
2018-09-21 17:26:20,1.1746400000000001,EURUSD
2018-09-21 17:26:25,1.17462,EURUSD
2018-09-21 17:26:37,1.1745700000000001,EURUSD
2018-09-21 17:26:38,1.17461,EURUSD
2018-09-21 17:26:44,1.17462,EURUSD
2018-09-21 17:26:59,1.17462,EURUSD
2018-09-21 17:27:27,1.1745999999999999,EURUSD
2018-09-21 17:27:28,1.174595,EURUSD
2018-09-21 17:27:32,1.1745700000000001,EURUSD
2018-09-21 17:27:37,1.17456,EURUSD
2018-09-21 17:27:41,1.1745800000000002,EURUSD
2018-09-21 17:28:00,1.1745899999999998,EURUSD
2018-09-21 17:28:03,1.1745800000000002,EURUSD
2018-09-21 17:28:12,1.1745800000000002,EURUSD
2018-09-21 17:28:17,1.1745899999999998,EURUSD
2018-09-21 17:28:18,1.174585,EURUSD
2018-09-21 17:28:19,1.1745999999999999,EURUSD
2018-09-21 17:28:24,1.1745899999999998,EURUSD
2018-09-21 17:28:29,1.1745800000000002,EURUSD
2018-09-21 17:28:30,1.174575,EURUSD
2018-09-21 17:28:33,1.1745800000000002,EURUSD
2018-09-21 17:28:34,1.1745899999999998,EURUSD
2018-09-21 17:28:37,1.1745800000000002,EURUSD
2018-09-21 17:28:41,1.174575,EURUSD
2018-09-21 17:28:42,1.17458,EURUSD
2018-09-21 17:28:44,1.174575,EURUSD
2018-09-21 17:28:46,1.1745800000000002,EURUSD
2018-09-21 17:29:03,1.1745899999999998,EURUSD
2018-09-21 17:29:04,1.1745800000000002,EURUSD
2018-09-21 17:29:06,1.17456,EURUSD
2018-09-21 17:29:07,1.1745700000000001,EURUSD
2018-09-21 17:29:10,1.17456,EURUSD
2018-09-21 17:29:11,1.1745450000000002,EURUSD
2018-09-21 17:29:12,1.174535,EURUSD
2018-09-21 17:29:15,1.1745700000000001,EURUSD
2018-09-21 17:29:16,1.1745800000000002,EURUSD
2018-09-21 17:29:18,1.174575,EURUSD
2018-09-21 17:29:19,1.1745800000000002,EURUSD
2018-09-21 17:29:21,1.1745700000000001,EURUSD
2018-09-21 17:29:28,1.1745700000000001,EURUSD
2018-09-21 17:29:32,1.174535,EURUSD
2018-09-21 17:29:37,1.17452,EURUSD
2018-09-21 17:29:46,1.1745299999999999,EURUSD
2018-09-21 17:29:57,1.17452,EURUSD
2018-09-21 17:30:01,1.174525,EURUSD
2018-09-21 17:30:02,1.1745100000000002,EURUSD
2018-09-21 17:30:03,1.17452,EURUSD
2018-09-21 17:30:04,1.1745,EURUSD
2018-09-21 17:30:07,1.17448,EURUSD
2018-09-21 17:30:11,1.17447,EURUSD
2018-09-21 17:30:13,1.17448,EURUSD
2018-09-21 17:30:14,1.17447,EURUSD
2018-09-21 17:30:15,1.1744599999999998,EURUSD
2018-09-21 17:30:16,1.17447,EURUSD
2018-09-21 17:30:17,1.174415,EURUSD
2018-09-21 17:30:18,1.1744050000000001,EURUSD
2018-09-21 17:30:19,1.17441,EURUSD
2018-09-21 17:30:20,1.174415,EURUSD
2018-09-21 17:30:24,1.17442,EURUSD
2018-09-21 17:30:25,1.17441,EURUSD
2018-09-21 17:31:03,1.1744599999999998,EURUSD
2018-09-21 17:31:12,1.17447,EURUSD
2018-09-21 17:31:13,1.1744249999999998,EURUSD
2018-09-21 17:31:19,1.17442,EURUSD
2018-09-21 17:31:23,1.1744750000000002,EURUSD
2018-09-21 17:31:24,1.17448,EURUSD
2018-09-21 17:31:29,1.1744750000000002,EURUSD
2018-09-21 17:31:35,1.17447,EURUSD
2018-09-21 17:31:50,1.174525,EURUSD
2018-09-21 17:31:51,1.17456,EURUSD
2018-09-21 17:31:52,1.174525,EURUSD
2018-09-21 17:31:55,1.17453,EURUSD
2018-09-21 17:31:58,1.17452,EURUSD
2018-09-21 17:32:00,1.174515,EURUSD
2018-09-21 17:32:01,1.17452,EURUSD
2018-09-21 17:32:02,1.174505,EURUSD
2018-09-21 17:32:03,1.1745,EURUSD
2018-09-21 17:32:04,1.1745100000000002,EURUSD
2018-09-21 17:32:05,1.17461,EURUSD
2018-09-21 17:32:07,1.174615,EURUSD
2018-09-21 17:32:08,1.17462,EURUSD
2018-09-21 17:32:09,1.174615,EURUSD
2018-09-21 17:32:11,1.17461,EURUSD
2018-09-21 17:32:12,1.174615,EURUSD
2018-09-21 17:32:14,1.174575,EURUSD
2018-09-21 17:32:19,1.17455,EURUSD
2018-09-21 17:32:24,1.17456,EURUSD
2018-09-21 17:32:25,1.1745700000000001,EURUSD
2018-09-21 17:32:30,1.17461,EURUSD
2018-09-21 17:32:34,1.17462,EURUSD
2018-09-21 17:32:40,1.17462,EURUSD
2018-09-21 17:32:41,1.1746150000000002,EURUSD
2018-09-21 17:32:43,1.174575,EURUSD
2018-09-21 17:32:45,1.1745800000000002,EURUSD
2018-09-21 17:32:46,1.1745700000000001,EURUSD
2018-09-21 17:32:50,1.1745899999999998,EURUSD
2018-09-21 17:32:51,1.17462,EURUSD
2018-09-21 17:32:57,1.17463,EURUSD
2018-09-21 17:32:58,1.17463,EURUSD
2018-09-21 17:33:00,1.1746249999999998,EURUSD
2018-09-21 17:33:01,1.17463,EURUSD
2018-09-21 17:33:03,1.174655,EURUSD
2018-09-21 17:33:04,1.1746699999999999,EURUSD
2018-09-21 17:33:07,1.1746750000000001,EURUSD
2018-09-21 17:33:10,1.1746699999999999,EURUSD
2018-09-21 17:33:11,1.174665,EURUSD
2018-09-21 17:33:12,1.1746599999999998,EURUSD
2018-09-21 17:33:15,1.17463,EURUSD
2018-09-21 17:33:16,1.17462,EURUSD
2018-09-21 17:33:19,1.17463,EURUSD
2018-09-21 17:33:20,1.1746599999999998,EURUSD
2018-09-21 17:33:21,1.174655,EURUSD
2018-09-21 17:33:22,1.174655,EURUSD
2018-09-21 17:33:26,1.1746349999999999,EURUSD
2018-09-21 17:33:27,1.17463,EURUSD
2018-09-21 17:33:34,1.1746599999999998,EURUSD
2018-09-21 17:33:38,1.1746699999999999,EURUSD
2018-09-21 17:33:44,1.1746699999999999,EURUSD
2018-09-21 17:33:45,1.1746699999999999,EURUSD
2018-09-21 17:33:47,1.1746400000000001,EURUSD
2018-09-21 17:33:49,1.1746599999999998,EURUSD
2018-09-21 17:33:52,1.1746699999999999,EURUSD
2018-09-21 17:34:04,1.1746599999999998,EURUSD
2018-09-21 17:34:05,1.1746500000000002,EURUSD
2018-09-21 17:34:06,1.1746400000000001,EURUSD
2018-09-21 17:34:09,1.1746500000000002,EURUSD
2018-09-21 17:34:11,1.17463,EURUSD
2018-09-21 17:34:14,1.17462,EURUSD
2018-09-21 17:34:15,1.17462,EURUSD
2018-09-21 17:34:31,1.1746150000000002,EURUSD
2018-09-21 17:34:37,1.1745999999999999,EURUSD
2018-09-21 17:34:38,1.17462,EURUSD
2018-09-21 17:34:39,1.1745999999999999,EURUSD
2018-09-21 17:34:40,1.17461,EURUSD
2018-09-21 17:34:42,1.174585,EURUSD
2018-09-21 17:34:43,1.1745999999999999,EURUSD
2018-09-21 17:34:44,1.17461,EURUSD
2018-09-21 17:34:45,1.1746150000000002,EURUSD
2018-09-21 17:34:55,1.17461,EURUSD
2018-09-21 17:34:59,1.17462,EURUSD
2018-09-21 17:35:00,1.1746050000000001,EURUSD
2018-09-21 17:35:01,1.1746050000000001,EURUSD
2018-09-21 17:35:05,1.174595,EURUSD
2018-09-21 17:35:07,1.17462,EURUSD
2018-09-21 17:35:08,1.174585,EURUSD
2018-09-21 17:35:11,1.1745800000000002,EURUSD
2018-09-21 17:35:14,1.174595,EURUSD
2018-09-21 17:35:17,1.17452,EURUSD
2018-09-21 17:35:20,1.1745100000000002,EURUSD
2018-09-21 17:35:22,1.174515,EURUSD
2018-09-21 17:35:25,1.17448,EURUSD
2018-09-21 17:35:26,1.174465,EURUSD
2018-09-21 17:35:28,1.17447,EURUSD
2018-09-21 17:35:29,1.17448,EURUSD
2018-09-21 17:35:30,1.17446,EURUSD
2018-09-21 17:35:33,1.174455,EURUSD
2018-09-21 17:35:34,1.17446,EURUSD
2018-09-21 17:35:37,1.174455,EURUSD
2018-09-21 17:35:38,1.1744050000000001,EURUSD
2018-09-21 17:35:42,1.1743800000000002,EURUSD
2018-09-21 17:35:47,1.1743999999999999,EURUSD
2018-09-21 17:35:48,1.17441,EURUSD
2018-09-21 17:35:54,1.17442,EURUSD
2018-09-21 17:35:55,1.17443,EURUSD
2018-09-21 17:35:59,1.174445,EURUSD
2018-09-21 17:36:00,1.17447,EURUSD
2018-09-21 17:36:06,1.17447,EURUSD
2018-09-21 17:36:07,1.174465,EURUSD
2018-09-21 17:36:09,1.17447,EURUSD
2018-09-21 17:36:10,1.174465,EURUSD
2018-09-21 17:36:11,1.174455,EURUSD
2018-09-21 17:36:12,1.17442,EURUSD
2018-09-21 17:36:28,1.17443,EURUSD
2018-09-21 17:36:29,1.1744599999999998,EURUSD
2018-09-21 17:36:32,1.17443,EURUSD
2018-09-21 17:36:37,1.1744400000000002,EURUSD
2018-09-21 17:36:43,1.17443,EURUSD
2018-09-21 17:36:45,1.17442,EURUSD
2018-09-21 17:36:46,1.17443,EURUSD
2018-09-21 17:36:47,1.1744400000000002,EURUSD
2018-09-21 17:36:53,1.17443,EURUSD
2018-09-21 17:37:09,1.174435,EURUSD
2018-09-21 17:37:24,1.1744400000000002,EURUSD
2018-09-21 17:37:25,1.17447,EURUSD
2018-09-21 17:37:26,1.17448,EURUSD
2018-09-21 17:37:31,1.1744949999999998,EURUSD
2018-09-21 17:37:32,1.17449,EURUSD
2018-09-21 17:37:58,1.17448,EURUSD
2018-09-21 17:37:59,1.17445,EURUSD
2018-09-21 17:38:05,1.1744599999999998,EURUSD
2018-09-21 17:38:06,1.174465,EURUSD
2018-09-21 17:38:07,1.1744599999999998,EURUSD
2018-09-21 17:38:10,1.17441,EURUSD
2018-09-21 17:38:24,1.1743999999999999,EURUSD
2018-09-21 17:38:28,1.17439,EURUSD
2018-09-21 17:38:29,1.17441,EURUSD
2018-09-21 17:38:30,1.174425,EURUSD
2018-09-21 17:38:31,1.17442,EURUSD
2018-09-21 17:38:34,1.17441,EURUSD
2018-09-21 17:38:35,1.1743999999999999,EURUSD
2018-09-21 17:38:40,1.174395,EURUSD
2018-09-21 17:38:42,1.17441,EURUSD
2018-09-21 17:38:45,1.17442,EURUSD
2018-09-21 17:38:47,1.17442,EURUSD
2018-09-21 17:38:52,1.17443,EURUSD
2018-09-21 17:38:54,1.17442,EURUSD
2018-09-21 17:39:03,1.1744400000000002,EURUSD
2018-09-21 17:39:04,1.174435,EURUSD
2018-09-21 17:39:05,1.17443,EURUSD
2018-09-21 17:39:10,1.17441,EURUSD
2018-09-21 17:39:12,1.1743800000000002,EURUSD
2018-09-21 17:39:34,1.1743700000000001,EURUSD
2018-09-21 17:39:35,1.17436,EURUSD
2018-09-21 17:39:41,1.1743700000000001,EURUSD
2018-09-21 17:39:42,1.17436,EURUSD
2018-09-21 17:39:43,1.1743199999999998,EURUSD
2018-09-21 17:40:00,1.17434,EURUSD
2018-09-21 17:40:01,1.1743199999999998,EURUSD
2018-09-21 17:40:12,1.17429,EURUSD
2018-09-21 17:40:14,1.1743100000000002,EURUSD
2018-09-21 17:40:16,1.1743000000000001,EURUSD
2018-09-21 17:41:07,1.17421,EURUSD
2018-09-21 17:41:08,1.174215,EURUSD
2018-09-21 17:41:09,1.17422,EURUSD
2018-09-21 17:41:13,1.1742249999999999,EURUSD
2018-09-21 17:41:18,1.174235,EURUSD
2018-09-21 17:41:20,1.1743100000000002,EURUSD
2018-09-21 17:41:24,1.1743000000000001,EURUSD
2018-09-21 17:41:26,1.1743100000000002,EURUSD
2018-09-21 17:41:31,1.1743299999999999,EURUSD
2018-09-21 17:41:39,1.174325,EURUSD
2018-09-21 17:42:05,1.1743100000000002,EURUSD
2018-09-21 17:42:14,1.174325,EURUSD
2018-09-21 17:42:15,1.1743299999999999,EURUSD
2018-09-21 17:42:19,1.1743199999999998,EURUSD
2018-09-21 17:42:20,1.1743000000000001,EURUSD
2018-09-21 17:42:26,1.17429,EURUSD
2018-09-21 17:42:27,1.1742599999999999,EURUSD
2018-09-21 17:42:30,1.17422,EURUSD
2018-09-21 17:42:33,1.17425,EURUSD
2018-09-21 17:42:34,1.17422,EURUSD
2018-09-21 17:42:37,1.17421,EURUSD
2018-09-21 17:42:42,1.1741899999999998,EURUSD
2018-09-21 17:42:47,1.174185,EURUSD
2018-09-21 17:42:48,1.17418,EURUSD
2018-09-21 17:42:49,1.174175,EURUSD
2018-09-21 17:42:50,1.1742050000000002,EURUSD
2018-09-21 17:42:56,1.1742,EURUSD
2018-09-21 17:42:58,1.17418,EURUSD
2018-09-21 17:43:03,1.17423,EURUSD
2018-09-21 17:43:09,1.17422,EURUSD
2018-09-21 17:43:15,1.17418,EURUSD
2018-09-21 17:43:18,1.1742,EURUSD
2018-09-21 17:43:32,1.1741899999999998,EURUSD
2018-09-21 17:43:46,1.1742,EURUSD
2018-09-21 17:43:50,1.1742050000000002,EURUSD
2018-09-21 17:43:57,1.1741199999999998,EURUSD
2018-09-21 17:44:08,1.17416,EURUSD
2018-09-21 17:44:11,1.1741899999999998,EURUSD
2018-09-21 17:44:22,1.174195,EURUSD
2018-09-21 17:44:36,1.17421,EURUSD
2018-09-21 17:44:37,1.1742050000000002,EURUSD
2018-09-21 17:44:38,1.1742,EURUSD
2018-09-21 17:44:41,1.17418,EURUSD
2018-09-21 17:44:46,1.17416,EURUSD
2018-09-21 17:45:03,1.174175,EURUSD
2018-09-21 17:45:07,1.17421,EURUSD
2018-09-21 17:45:09,1.1741899999999998,EURUSD
2018-09-21 17:45:18,1.174215,EURUSD
2018-09-21 17:45:25,1.1742,EURUSD
2018-09-21 17:45:29,1.17421,EURUSD
2018-09-21 17:46:16,1.17415,EURUSD
2018-09-21 17:46:31,1.1741199999999998,EURUSD
2018-09-21 17:46:33,1.174105,EURUSD
2018-09-21 17:46:34,1.174085,EURUSD
2018-09-21 17:46:36,1.17409,EURUSD
2018-09-21 17:46:37,1.1740650000000001,EURUSD
2018-09-21 17:46:39,1.1740650000000001,EURUSD
2018-09-21 17:46:45,1.174105,EURUSD
2018-09-21 17:46:48,1.1741000000000001,EURUSD
2018-09-21 17:46:50,1.17409,EURUSD
2018-09-21 17:46:53,1.17409,EURUSD
2018-09-21 17:47:17,1.17414,EURUSD
2018-09-21 17:47:27,1.17411,EURUSD
2018-09-21 17:47:33,1.1740849999999998,EURUSD
2018-09-21 17:47:34,1.1740599999999999,EURUSD
2018-09-21 17:47:35,1.1740599999999999,EURUSD
2018-09-21 17:47:36,1.174045,EURUSD
2018-09-21 17:47:37,1.1740499999999998,EURUSD
2018-09-21 17:47:38,1.174005,EURUSD
2018-09-21 17:47:39,1.1739950000000001,EURUSD
2018-09-21 17:47:43,1.174,EURUSD
2018-09-21 17:47:48,1.1739950000000001,EURUSD
2018-09-21 17:47:50,1.174005,EURUSD
2018-09-21 17:48:03,1.1740599999999999,EURUSD
2018-09-21 17:48:46,1.1740650000000001,EURUSD
2018-09-21 17:48:47,1.1740650000000001,EURUSD
2018-09-21 17:48:48,1.17407,EURUSD
2018-09-21 17:49:23,1.1740249999999999,EURUSD
2018-09-21 17:49:25,1.1740300000000001,EURUSD
2018-09-21 17:49:34,1.1740249999999999,EURUSD
2018-09-21 17:49:44,1.17402,EURUSD
2018-09-21 17:49:58,1.1740249999999999,EURUSD
2018-09-21 17:50:00,1.17402,EURUSD
2018-09-21 17:50:04,1.17402,EURUSD
2018-09-21 17:50:10,1.1740149999999998,EURUSD
2018-09-21 17:50:12,1.17402,EURUSD
2018-09-21 17:50:15,1.1740599999999999,EURUSD
2018-09-21 17:50:37,1.17409,EURUSD
2018-09-21 17:50:47,1.174105,EURUSD
2018-09-21 17:50:48,1.1741549999999998,EURUSD
2018-09-21 17:51:12,1.174165,EURUSD
2018-09-21 17:51:18,1.1741700000000002,EURUSD
2018-09-21 17:51:21,1.174165,EURUSD
2018-09-21 17:51:27,1.1741700000000002,EURUSD
2018-09-21 17:51:28,1.174195,EURUSD
2018-09-21 17:51:29,1.1741700000000002,EURUSD
2018-09-21 17:51:40,1.17414,EURUSD
2018-09-21 17:51:41,1.1741199999999998,EURUSD
2018-09-21 17:51:43,1.174115,EURUSD
2018-09-21 17:51:47,1.1741199999999998,EURUSD
2018-09-21 17:51:49,1.17413,EURUSD
2018-09-21 17:51:50,1.174145,EURUSD
2018-09-21 17:51:56,1.17415,EURUSD
2018-09-21 17:51:59,1.174145,EURUSD
2018-09-21 17:52:00,1.1741700000000002,EURUSD
2018-09-21 17:52:01,1.174175,EURUSD
2018-09-21 17:52:02,1.17418,EURUSD
2018-09-21 17:52:06,1.1741899999999998,EURUSD
2018-09-21 17:52:08,1.17418,EURUSD
2018-09-21 17:52:10,1.1741899999999998,EURUSD
2018-09-21 17:52:12,1.17418,EURUSD
2018-09-21 17:52:30,1.174155,EURUSD
2018-09-21 17:52:31,1.1741199999999998,EURUSD
2018-09-21 17:52:36,1.17411,EURUSD
2018-09-21 17:52:46,1.17409,EURUSD
2018-09-21 17:52:50,1.1740949999999999,EURUSD
2018-09-21 17:52:51,1.17414,EURUSD
2018-09-21 17:52:54,1.17413,EURUSD
2018-09-21 17:52:56,1.17411,EURUSD
2018-09-21 17:52:58,1.1741000000000001,EURUSD
2018-09-21 17:53:07,1.17411,EURUSD
2018-09-21 17:53:08,1.1741000000000001,EURUSD
2018-09-21 17:53:10,1.174115,EURUSD
2018-09-21 17:53:15,1.1741199999999998,EURUSD
2018-09-21 17:53:19,1.1741199999999998,EURUSD
2018-09-21 17:53:21,1.174115,EURUSD
2018-09-21 17:53:27,1.1741199999999998,EURUSD
2018-09-21 17:53:29,1.1741199999999998,EURUSD
2018-09-21 17:53:33,1.17411,EURUSD
2018-09-21 17:53:35,1.17411,EURUSD
2018-09-21 17:53:36,1.1741000000000001,EURUSD
2018-09-21 17:53:41,1.17411,EURUSD
2018-09-21 17:53:43,1.1741199999999998,EURUSD
2018-09-21 17:53:45,1.17402,EURUSD
2018-09-21 17:53:46,1.174015,EURUSD
2018-09-21 17:53:47,1.17402,EURUSD
2018-09-21 17:53:48,1.174015,EURUSD
2018-09-21 17:53:50,1.17402,EURUSD
2018-09-21 17:53:56,1.174015,EURUSD
2018-09-21 17:54:02,1.174015,EURUSD
2018-09-21 17:54:10,1.1740300000000001,EURUSD
2018-09-21 17:54:11,1.174045,EURUSD
2018-09-21 17:54:12,1.1740300000000001,EURUSD
2018-09-21 17:54:15,1.17402,EURUSD
2018-09-21 17:54:20,1.1740400000000002,EURUSD
2018-09-21 17:54:21,1.174055,EURUSD
2018-09-21 17:54:23,1.1740499999999998,EURUSD
2018-09-21 17:54:24,1.1740400000000002,EURUSD
2018-09-21 17:54:38,1.1739799999999998,EURUSD
2018-09-21 17:54:40,1.17402,EURUSD
2018-09-21 17:54:42,1.1740300000000001,EURUSD
2018-09-21 17:54:43,1.1740300000000001,EURUSD
2018-09-21 17:54:46,1.1740499999999998,EURUSD
2018-09-21 17:54:53,1.17407,EURUSD
2018-09-21 17:54:54,1.1740650000000001,EURUSD
2018-09-21 17:54:55,1.17407,EURUSD
2018-09-21 17:55:00,1.17408,EURUSD
2018-09-21 17:55:01,1.17409,EURUSD
2018-09-21 17:55:05,1.1740849999999998,EURUSD
2018-09-21 17:55:06,1.17408,EURUSD
2018-09-21 17:55:10,1.17409,EURUSD
2018-09-21 17:55:15,1.17409,EURUSD
2018-09-21 17:55:18,1.1740849999999998,EURUSD
2018-09-21 17:55:19,1.17409,EURUSD
2018-09-21 17:55:21,1.1740849999999998,EURUSD
2018-09-21 17:55:22,1.1740750000000002,EURUSD
2018-09-21 17:55:23,1.17408,EURUSD
2018-09-21 17:55:25,1.1740849999999998,EURUSD
2018-09-21 17:55:26,1.17409,EURUSD
2018-09-21 17:55:28,1.1740949999999999,EURUSD
2018-09-21 17:55:31,1.17409,EURUSD
2018-09-21 17:55:33,1.1740849999999998,EURUSD
2018-09-21 17:55:34,1.1740750000000002,EURUSD
2018-09-21 17:55:35,1.1740599999999999,EURUSD
2018-09-21 17:55:36,1.17407,EURUSD
2018-09-21 17:55:40,1.17408,EURUSD
2018-09-21 17:55:42,1.1740849999999998,EURUSD
2018-09-21 17:55:45,1.17408,EURUSD
2018-09-21 17:55:46,1.1740849999999998,EURUSD
2018-09-21 17:55:47,1.1740849999999998,EURUSD
2018-09-21 17:55:48,1.17408,EURUSD
2018-09-21 17:55:55,1.1740849999999998,EURUSD
2018-09-21 17:56:03,1.17408,EURUSD
2018-09-21 17:56:17,1.17407,EURUSD
2018-09-21 17:56:19,1.1740849999999998,EURUSD
2018-09-21 17:56:20,1.1741199999999998,EURUSD
2018-09-21 17:56:21,1.17413,EURUSD
2018-09-21 17:56:24,1.1741350000000002,EURUSD
2018-09-21 17:56:25,1.1741350000000002,EURUSD
2018-09-21 17:56:26,1.17414,EURUSD
2018-09-21 17:56:28,1.17415,EURUSD
2018-09-21 17:56:30,1.1741350000000002,EURUSD
2018-09-21 17:56:31,1.17413,EURUSD
2018-09-21 17:56:33,1.1741350000000002,EURUSD
2018-09-21 17:56:34,1.17413,EURUSD
2018-09-21 17:56:44,1.1741199999999998,EURUSD
2018-09-21 17:56:54,1.17413,EURUSD
2018-09-21 17:56:55,1.1741199999999998,EURUSD
2018-09-21 17:56:58,1.1741199999999998,EURUSD
2018-09-21 17:56:59,1.174115,EURUSD
2018-09-21 17:57:00,1.1741199999999998,EURUSD
2018-09-21 17:57:06,1.17413,EURUSD
2018-09-21 17:57:07,1.1741199999999998,EURUSD
2018-09-21 17:57:34,1.17416,EURUSD
2018-09-21 17:57:36,1.174165,EURUSD
2018-09-21 17:57:41,1.1741700000000002,EURUSD
2018-09-21 17:57:43,1.17418,EURUSD
2018-09-21 17:57:51,1.17418,EURUSD
2018-09-21 17:57:55,1.17416,EURUSD
2018-09-21 17:57:56,1.1741700000000002,EURUSD
2018-09-21 17:57:57,1.1741899999999998,EURUSD
2018-09-21 17:58:00,1.1742,EURUSD
2018-09-21 17:58:10,1.17432,EURUSD
2018-09-21 17:58:11,1.17431,EURUSD
2018-09-21 17:58:12,1.174315,EURUSD
2018-09-21 17:58:13,1.174325,EURUSD
2018-09-21 17:58:14,1.17435,EURUSD
2018-09-21 17:58:15,1.174355,EURUSD
2018-09-21 17:58:17,1.174355,EURUSD
2018-09-21 17:58:21,1.17438,EURUSD
2018-09-21 17:58:26,1.174375,EURUSD
2018-09-21 17:58:31,1.17438,EURUSD
2018-09-21 17:58:32,1.17438,EURUSD
2018-09-21 17:58:35,1.174375,EURUSD
2018-09-21 17:58:36,1.1743700000000001,EURUSD
2018-09-21 17:58:37,1.174375,EURUSD
2018-09-21 17:58:40,1.174375,EURUSD
2018-09-21 17:58:41,1.17438,EURUSD
2018-09-21 17:58:43,1.174375,EURUSD
2018-09-21 17:58:44,1.174375,EURUSD
2018-09-21 17:58:50,1.17434,EURUSD
2018-09-21 17:58:52,1.17434,EURUSD
2018-09-21 17:58:57,1.1743299999999999,EURUSD
2018-09-21 17:59:05,1.17434,EURUSD
2018-09-21 17:59:06,1.1743549999999998,EURUSD
2018-09-21 17:59:07,1.17436,EURUSD
2018-09-21 17:59:11,1.1743700000000001,EURUSD
2018-09-21 17:59:15,1.1743649999999999,EURUSD
2018-09-21 17:59:16,1.1743649999999999,EURUSD
2018-09-21 17:59:17,1.1743700000000001,EURUSD
2018-09-21 17:59:19,1.1743800000000002,EURUSD
2018-09-21 17:59:22,1.174375,EURUSD
2018-09-21 17:59:23,1.1743800000000002,EURUSD
2018-09-21 17:59:27,1.1743350000000001,EURUSD
2018-09-21 17:59:41,1.1743299999999999,EURUSD
2018-09-21 17:59:43,1.1743299999999999,EURUSD
2018-09-21 17:59:44,1.1743199999999998,EURUSD
2018-09-21 17:59:50,1.1743299999999999,EURUSD
2018-09-21 18:00:00,1.1743350000000001,EURUSD
2018-09-21 18:00:01,1.17435,EURUSD
2018-09-21 18:00:02,1.1744050000000001,EURUSD
2018-09-21 18:00:03,1.17443,EURUSD
2018-09-21 18:00:04,1.174425,EURUSD
2018-09-21 18:00:09,1.17442,EURUSD
2018-09-21 18:00:12,1.17443,EURUSD
2018-09-21 18:00:16,1.1744249999999998,EURUSD
2018-09-21 18:00:18,1.17442,EURUSD
2018-09-21 18:00:19,1.1743700000000001,EURUSD
2018-09-21 18:00:21,1.1743100000000002,EURUSD
2018-09-21 18:00:23,1.174305,EURUSD
2018-09-21 18:00:24,1.1742949999999999,EURUSD
2018-09-21 18:00:25,1.174305,EURUSD
2018-09-21 18:00:26,1.17429,EURUSD
2018-09-21 18:00:30,1.1743450000000002,EURUSD
2018-09-21 18:00:31,1.17434,EURUSD
2018-09-21 18:00:34,1.17434,EURUSD
2018-09-21 18:00:37,1.1743800000000002,EURUSD
2018-09-21 18:00:41,1.1743899999999998,EURUSD
2018-09-21 18:00:42,1.1743899999999998,EURUSD
2018-09-21 18:00:44,1.17443,EURUSD
2018-09-21 18:00:45,1.17442,EURUSD
2018-09-21 18:00:48,1.1744150000000002,EURUSD
2018-09-21 18:00:49,1.17442,EURUSD
2018-09-21 18:00:56,1.17442,EURUSD
2018-09-21 18:01:07,1.17442,EURUSD
2018-09-21 18:01:14,1.1744599999999998,EURUSD
2018-09-21 18:01:15,1.1744400000000002,EURUSD
2018-09-21 18:01:16,1.17445,EURUSD
2018-09-21 18:01:24,1.1744599999999998,EURUSD
2018-09-21 18:01:28,1.1744400000000002,EURUSD
2018-09-21 18:01:29,1.17445,EURUSD
2018-09-21 18:01:36,1.174445,EURUSD
2018-09-21 18:01:39,1.1744400000000002,EURUSD
2018-09-21 18:01:40,1.17445,EURUSD
2018-09-21 18:01:41,1.17443,EURUSD
2018-09-21 18:01:56,1.1744400000000002,EURUSD
2018-09-21 18:01:57,1.17443,EURUSD
2018-09-21 18:01:59,1.17443,EURUSD
2018-09-21 18:02:10,1.1744400000000002,EURUSD
2018-09-21 18:02:12,1.1744599999999998,EURUSD
2018-09-21 18:02:16,1.17448,EURUSD
2018-09-21 18:02:19,1.174485,EURUSD
2018-09-21 18:02:21,1.174485,EURUSD
2018-09-21 18:02:22,1.17448,EURUSD
2018-09-21 18:02:49,1.1744249999999998,EURUSD
2018-09-21 18:02:50,1.17442,EURUSD
2018-09-21 18:02:51,1.1744249999999998,EURUSD
2018-09-21 18:02:58,1.1743999999999999,EURUSD
2018-09-21 18:03:19,1.1743800000000002,EURUSD
2018-09-21 18:03:33,1.1743999999999999,EURUSD
2018-09-21 18:03:40,1.174385,EURUSD
2018-09-21 18:03:44,1.174305,EURUSD
2018-09-21 18:03:52,1.1742949999999999,EURUSD
2018-09-21 18:03:55,1.1743450000000002,EURUSD
2018-09-21 18:03:57,1.174395,EURUSD
2018-09-21 18:04:52,1.174395,EURUSD
2018-09-21 18:04:58,1.17441,EURUSD
2018-09-21 18:05:00,1.1744050000000001,EURUSD
2018-09-21 18:05:01,1.17441,EURUSD
2018-09-21 18:05:02,1.17441,EURUSD
2018-09-21 18:05:04,1.1744050000000001,EURUSD
2018-09-21 18:05:06,1.1743999999999999,EURUSD
2018-09-21 18:05:07,1.1743700000000001,EURUSD
2018-09-21 18:05:08,1.174305,EURUSD
2018-09-21 18:05:09,1.1743000000000001,EURUSD
